{"stats":{"minecraft:custom":{"minecraft:mob_kills":36,"minecraft:interact_with_crafting_table":147,"minecraft:leave_game":5,"minecraft:time_since_death":42743,"minecraft:climb_one_cm":1330,"minecraft:sprint_one_cm":332905,"minecraft:walk_one_cm":1507651,"minecraft:drop":304,"minecraft:play_time":514126,"minecraft:deaths":14,"minecraft:sneak_time":58174,"minecraft:walk_under_water_one_cm":30039,"minecraft:jump":1816,"minecraft:walk_on_water_one_cm":11367,"minecraft:total_world_time":514126,"minecraft:interact_with_furnace":21,"minecraft:sleep_in_bed":18,"minecraft:time_since_rest":42856,"minecraft:damage_taken":3789,"minecraft:damage_dealt":2512,"minecraft:fly_one_cm":324892,"minecraft:open_chest":101,"minecraft:crouch_one_cm":45885,"minecraft:fall_one_cm":202973},"minecraft:killed":{"minecraft:slime":27,"minecraft:husk":5,"minecraft:creeper":1,"minecraft:zombie":3},"minecraft:mined":{"minecraft:polished_granite_slab":10,"minecraft:white_bed":3,"gravestone:gravestone":14,"minecraft:grass_block":2,"minecraft:polished_diorite":1,"exnihilosequentia:crushed_diorite":9,"minecraft:diorite_slab":15,"minecraft:andesite":13,"minecraft:granite_slab":1,"minecraft:cobblestone_slab":5,"minecraft:oak_slab":1,"minecraft:crafting_table":1,"minecraft:torch":3,"minecraft:chest":4,"minecraft:campfire":1,"minecraft:polished_diorite_slab":104,"minecraft:cobblestone":1984,"minecraft:diorite":9,"minecraft:wall_torch":8,"minecraft:oak_log":699,"minecraft:gravel":667,"minecraft:dirt":18,"minecraft:oak_leaves":213,"exnihilosequentia:infested_leaves":1011},"minecraft:picked_up":{"minecraft:cocoa_beans":7,"minecraft:charcoal":2,"minecraft:crafting_table":1,"minecraft:clay_ball":2,"minecraft:diorite_slab":44,"exnihilosequentia:calcite_pebble":113,"exnihilosequentia:andesite_pebble":10799,"gravestone:obituary":2,"gtceu:crushed_sphalerite_ore":246,"minecraft:string":3713,"minecraft:large_fern":7,"exnihilosequentia:crushed_andesite":13,"gtceu:crushed_sapphire_ore":4,"minecraft:cobblestone_slab":2,"minecraft:jungle_sapling":11,"minecraft:sugar_cane":9,"minecraft:chest":4,"minecraft:birch_sapling":6,"thermal:slime_mushroom_spores":60,"exnihilosequentia:andesite_hammer":1,"minecraft:dark_oak_sapling":9,"minecraft:stick":183,"minecraft:torch":11,"gtceu:crushed_diamond_ore":2,"exnihilosequentia:diorite_pebble":10692,"minecraft:diorite":256,"exnihilosequentia:granite_pebble":10671,"minecraft:carrot":12,"exnihilosequentia:stone_pebble":16371,"thermal:flax_seeds":54,"gtceu:crushed_copper_ore":633,"gtceu:crushed_tin_ore":292,"gtceu:gold_dust":16,"exnihilosequentia:wooden_crook":2,"exnihilosequentia:mycelium_spores":10,"minecraft:cactus":8,"minecraft:rotten_flesh":6,"minecraft:beetroot_seeds":58,"exnihilosequentia:deepslate_pebble":102,"exnihilosequentia:dripstone_pebble":121,"minecraft:cobblestone":353,"exnihilosequentia:basalt_pebble":109,"minecraft:leather_chestplate":1,"exnihilosequentia:blackstone_pebble":122,"minecraft:polished_diorite_slab":94,"minecraft:andesite":256,"minecraft:fern":14,"minecraft:potato":7,"gtceu:crushed_green_sapphire_ore":1,"minecraft:flint":3,"minecraft:oak_log":695,"minecraft:gunpowder":3,"minecraft:lapis_lazuli":41,"minecraft:dirt":3078,"minecraft:apple":25,"minecraft:wheat_seeds":127,"minecraft:stone_pickaxe":4,"create:goggles":1,"exnihilosequentia:grass_seeds":15,"gtceu:crushed_ruby_ore":3,"minecraft:bamboo":13,"minecraft:acacia_sapling":7,"gtceu:nickel_dust":8,"minecraft:oak_slab":1,"minecraft:sweet_berries":14,"exnihilosequentia:tuff_pebble":99,"minecraft:quartz":144,"minecraft:gravel":2874,"minecraft:sand":679,"minecraft:amethyst_shard":66,"exnihilosequentia:stone_hammer":1,"minecraft:spruce_sapling":9,"minecraft:granite_slab":1,"minecraft:white_bed":4,"exnihilosequentia:crushed_diorite":18,"exnihilosequentia:silkworm":1038,"minecraft:leather_helmet":1,"minecraft:pumpkin_seeds":57,"minecraft:slime_ball":30,"gtceu:crushed_iron_ore":451,"minecraft:diamond":46,"minecraft:polished_diorite":1,"minecraft:stone_axe":2,"minecraft:polished_granite_slab":10,"gtceu:crushed_quartzite_ore":3,"minecraft:granite":320,"minecraft:cherry_sapling":7,"minecraft:emerald":39,"gtceu:crushed_magnetite_ore":244,"minecraft:oak_sapling":382,"minecraft:melon_seeds":62,"gtceu:copper_dust":96,"minecraft:sunflower":8},"minecraft:broken":{"exnihilosequentia:wooden_crook":10,"minecraft:leather_chestplate":1,"minecraft:stone_pickaxe":1,"exnihilosequentia:stone_hammer":10,"minecraft:stone_axe":5},"minecraft:killed_by":{"minecraft:husk":1,"minecraft:creeper":1,"minecraft:enderman":2},"minecraft:used":{"minecraft:chest":7,"minecraft:torch":12,"minecraft:dirt":93,"minecraft:granite":1,"minecraft:polished_diorite":1,"exnihilosequentia:crushed_diorite":9,"exnihilosequentia:diorite_hammer":222,"exnihilosequentia:wooden_crook":1298,"minecraft:oak_sapling":125,"minecraft:potato":23,"minecraft:diorite":18,"minecraft:stone_pickaxe":154,"minecraft:polished_diorite_slab":78,"exnihilosequentia:oak_sieve":1,"minecraft:crafting_table":2,"minecraft:white_bed":3,"minecraft:oak_log":16,"minecraft:diamond_pickaxe":15,"minecraft:apple":7,"minecraft:gravel":103,"minecraft:stone_axe":689,"minecraft:granite_slab":1,"minecraft:cobblestone":600,"exnihilosequentia:stone_hammer":2460,"minecraft:andesite":13,"exnihilosequentia:silkworm":92,"minecraft:diorite_slab":20},"minecraft:dropped":{"exnihilosequentia:tuff_pebble":3,"exnihilosequentia:granite_pebble":2514,"minecraft:wheat_seeds":2,"minecraft:oak_log":4,"exnihilosequentia:diorite_pebble":4,"minecraft:cobblestone":3270,"gtceu:crushed_iron_ore":269,"minecraft:granite":2129,"gtceu:crushed_magnetite_ore":46,"gtceu:crushed_tin_ore":45,"exnihilosequentia:andesite_pebble":685,"minecraft:leather_helmet":1,"minecraft:flint":1,"thermal:flax_seeds":3,"minecraft:dirt":1,"minecraft:diorite":1379,"minecraft:jungle_sapling":1,"exnihilosequentia:blackstone_pebble":1,"gravestone:obituary":1,"create:goggles":1,"exnihilosequentia:stone_hammer":1,"minecraft:string":174,"minecraft:diorite_slab":374,"minecraft:gravel":12,"minecraft:polished_diorite":1280,"exnihilosequentia:deepslate_pebble":2,"minecraft:stone_axe":1,"minecraft:sweet_berries":2,"minecraft:cherry_sapling":1,"minecraft:rotten_flesh":1,"exnihilosequentia:silkworm":47,"minecraft:white_bed":1,"gtceu:crushed_copper_ore":160,"gtceu:crushed_sphalerite_ore":34,"minecraft:cobblestone_slab":2,"exnihilosequentia:calcite_pebble":2,"minecraft:beetroot_seeds":2,"minecraft:andesite":2267,"minecraft:melon_seeds":2,"minecraft:oak_sapling":63,"exnihilosequentia:stone_pebble":848,"exnihilosequentia:dripstone_pebble":3,"minecraft:stone_pickaxe":1,"exnihilosequentia:basalt_pebble":4},"minecraft:crafted":{"minecraft:coarse_dirt":547,"minecraft:oak_planks":68,"exnihilosequentia:diorite_hammer":1,"exnihilosequentia:oak_sieve":1,"minecraft:granite":2002,"minecraft:diamond_helmet":1,"minecraft:diamond_leggings":1,"minecraft:polished_diorite":320,"minecraft:chest":3,"minecraft:diamond_boots":1,"exnihilosequentia:wooden_crook":10,"minecraft:polished_diorite_slab":117,"minecraft:oak_slab":6,"minecraft:diamond_sword":1,"minecraft:crafting_table":2,"minecraft:stone_axe":7,"minecraft:diorite":2593,"minecraft:air":15469,"minecraft:cobblestone":3899,"minecraft:diamond_pickaxe":1,"exnihilosequentia:stone_hammer":11,"minecraft:stick":18,"minecraft:iron_ingot":20,"minecraft:andesite":2468,"minecraft:torch":4,"minecraft:diorite_slab":57,"minecraft:diamond_chestplate":1}},"DataVersion":3465}