{"stats":{"minecraft:picked_up":{"gtceu:tiny_sulfur_dust":269,"exnihilosequentia:oak_crucible":1,"gtceu:sticky_resin":25,"exnihilosequentia:andesite_pebble":437,"minecraft:string":1126,"minecraft:soul_soil":1,"thermal:barley_seeds":7,"create:water_wheel":2,"exnihilosequentia:oak_sieve":5,"create_new_age:copper_wire":9,"minecraft:composter":3,"thermal:sadiroot_seeds":2,"create:andesite_casing":56,"create_new_age:generator_coil":1,"exnihilosequentia:wooden_crook":1,"toms_storage:ts.inventory_connector":2,"gtceu:lv_machine_hull":1,"thermal:radish_seeds":5,"minecraft:magma_block":1,"minecraft:polished_diorite_slab":38,"minecraft:jungle_log":8,"gtceu:copper_plate":1,"create:encased_chain_drive":9,"pipez:fluid_pipe":9,"create:mechanical_drill":2,"gtceu:iron_mortar":1,"create:goggles":1,"create:shaft":24,"minecraft:glowstone_dust":379,"minecraft:rabbit":6,"gtceu:ulv_input_hatch":2,"minecraft:granite_slab":18,"thermal:onion_seeds":3,"exnihilosequentia:silkworm":394,"minecraft:iron_hoe":1,"thermal:rubber":51,"minecraft:lever":8,"minecraft:polished_granite_slab":106,"createdieselgenerators:large_diesel_engine":8,"thermal:eggplant_seeds":6,"minecraft:granite":1024,"gtceu:ulv_input_bus":5,"minecraft:mud":2,"minecraft:crafting_table":4,"gtceu:sulfur_dust":15,"gtceu:wrought_iron_ingot":641,"gtceu:tin_ingot":96,"minecraft:clay_ball":883,"functionalstorage:oak_2":4,"toms_storage:ts.storage_terminal":6,"exnihilosequentia:calcite_pebble":69,"gtceu:crushed_sphalerite_ore":315,"create:fluid_pipe":13,"gtceu:lv_kinetic_input_box":2,"gtceu:solid_machine_casing":1,"minecraft:jungle_sapling":7,"minecraft:poppy":53,"colossalchests:chest_wall_wood":102,"minecraft:chest":14,"minecraft:birch_sapling":8,"gtceu:kinetic_ore_factory":4,"pipez:item_pipe":17,"exnihilosequentia:granite_pebble":558,"minecraft:carrot":7,"minecraft:redstone":349,"create:brass_casing":7,"exnihilosequentia:stone_pebble":904,"thermal:device_composter":2,"gtceu:crushed_copper_ore":969,"create:vertical_gearbox":4,"exnihilosequentia:mycelium_spores":6,"minecraft:beetroot_seeds":45,"create:depot":6,"minecraft:gold_ingot":24,"exnihilosequentia:dripstone_pebble":78,"exnihilosequentia:stone_barrel":2,"gtceu:firebricks":40,"gtceu:primitive_blast_furnace":1,"exnihilosequentia:basalt_pebble":84,"minecraft:fern":5,"minecraft:oak_log":2023,"create:crushing_wheel":3,"minecraft:apple":104,"gtceu:lp_steam_liquid_boiler":2,"minecraft:stone_pickaxe":1,"create:mechanical_saw":4,"thermal:fluid_cell":10,"minecraft:sweet_berries":1,"thermal:strawberry_seeds":4,"minecraft:gravel":1562,"minecraft:spruce_sapling":5,"exnihilosequentia:oak_barrel":18,"create:gearbox":4,"minecraft:leather_helmet":1,"minecraft:slime_ball":167,"gtceu:crushed_iron_ore":777,"minecraft:polished_diorite":256,"minecraft:stone_axe":1,"create:mechanical_pump":1,"create:rose_quartz":2,"create:portable_storage_interface":1,"minecraft:baked_potato":84,"gtceu:crushed_magnetite_ore":331,"minecraft:melon_seeds":60,"thermal:amaranth_seeds":3,"minecraft:hopper":8,"minecraft:ender_pearl":55,"minecraft:wheat":527,"createdieselgenerators:basin_lid":1,"create:mechanical_crafter":46,"gtceu:lp_steam_solid_boiler":1,"gtceu:solid_blast_furnace":2,"gtceu:large_farm":2,"gtceu:treated_wood_planks":26,"create:mechanical_press":4,"minecraft:bucket":3,"minecraft:cobblestone_slab":5,"thermal:spinach_seeds":5,"thermal:slime_mushroom_spores":37,"minecraft:furnace":13,"create_new_age:redstone_magnet":27,"minecraft:stick":556,"minecraft:torch":18,"minecraft:diorite":855,"thermal:flax_seeds":51,"gtceu:gold_dust":24,"create:large_cogwheel":5,"minecraft:cactus":3,"minecraft:rotten_flesh":12,"thermal:corn_seeds":4,"gtceu:steel_firebox_casing":1,"colossalchests:colossal_chest_wood":1,"create:speedometer":2,"minecraft:cobblestone":1506,"exnihilosequentia:blackstone_pebble":88,"minecraft:andesite":963,"minecraft:potato":448,"exnihilosequentia:string_mesh":2,"minecraft:lapis_lazuli":24,"minecraft:dirt":381,"exnihilosequentia:fired_crucible":1,"minecraft:glass":600,"minecraft:wheat_seeds":142,"gtceu:nickel_ingot":31,"exnihilosequentia:grass_seeds":5,"minecraft:bamboo":1,"minecraft:oak_planks":10,"create:radial_chassis":1,"thermal:bell_pepper_seeds":5,"create:cogwheel":28,"exnihilosequentia:tuff_pebble":80,"minecraft:sand":823,"gtceu:treated_wood_frame":27,"gtceu:ulv_output_bus":3,"gtceu:copper_small_fluid_pipe":2,"minecraft:sugar":1024,"minecraft:clay":136,"minecraft:diamond":1,"thermal:device_tree_extractor":1,"minecraft:bone_meal":204,"minecraft:emerald":2,"minecraft:oak_sapling":973,"create:stressometer":1,"minecraft:oak_leaves":238,"functionalstorage:oak_1":3,"minecraft:cocoa_beans":1350,"minecraft:charcoal":221,"minecraft:diorite_slab":378,"minecraft:iron_axe":1,"minecraft:large_fern":6,"exnihilosequentia:dust":745,"gtceu:lv_output_bus":4,"create:chute":5,"functionalstorage:oak_4":2,"create:basin":2,"minecraft:sugar_cane":428,"create:linear_chassis":15,"minecraft:dark_oak_sapling":8,"minecraft:copper_ingot":413,"exnihilosequentia:diorite_pebble":454,"create:deployer":3,"gtceu:crushed_tin_ore":390,"thermal:peanut_seeds":5,"exnihilosequentia:deepslate_pebble":68,"gtceu:large_barrel":1,"minecraft:gunpowder":2,"minecraft:cobblestone_stairs":1,"gtceu:ulv_output_hatch":1,"minecraft:rabbit_hide":3,"create:adjustable_chain_gearshift":10,"minecraft:iron_ingot":186,"thermal:tomato_seeds":7,"minecraft:soul_sand":1,"minecraft:acacia_sapling":3,"thermal:rice":10,"minecraft:oak_slab":13,"gtceu:lv_input_bus":1,"create:large_water_wheel":12,"minecraft:dandelion":37,"minecraft:quartz":9,"minecraft:amethyst_shard":3,"thermal:green_bean_seeds":3,"gtceu:red_alloy_ingot":6,"minecraft:white_bed":1,"minecraft:spider_eye":1,"thermal:rice_seeds":37,"minecraft:pumpkin_seeds":42,"create:encased_fan":10,"minecraft:cherry_sapling":6,"minecraft:sunflower":6},"minecraft:killed_by":{"minecraft:zombie":4,"minecraft:slime":3,"minecraft:creeper":2,"minecraft:enderman":4},"minecraft:dropped":{"gtceu:iron_plate":4,"exnihilosequentia:granite_pebble":229,"minecraft:lapis_lazuli":24,"minecraft:crafting_table":3,"gtceu:flint_dust":2,"thermal:flax_seeds":1,"minecraft:emerald":2,"minecraft:dirt":3,"create:goggles":1,"minecraft:diorite_slab":263,"minecraft:oak_planks":2,"minecraft:glowstone_dust":6,"minecraft:charcoal":1,"exnihilosequentia:stone_pebble":73,"exnihilosequentia:wooden_crook":2,"minecraft:glass":2,"gtceu:gold_dust":48,"kubejs:coin":39,"minecraft:iron_ingot":7,"create:rose_quartz":20,"exnihilosequentia:crushed_diorite":10,"minecraft:wheat_seeds":1,"minecraft:cobblestone":1308,"gtceu:crushed_iron_ore":205,"minecraft:apple":22,"minecraft:granite":64,"gtceu:crushed_magnetite_ore":22,"gtceu:crushed_tin_ore":111,"exnihilosequentia:blackstone_pebble":2,"minecraft:mud":2,"minecraft:string":905,"minecraft:furnace":2,"gtceu:tiny_sulfur_dust":6,"thermal:rubber":123,"gtceu:tin_ingot":60,"minecraft:pumpkin_seeds":1,"thermal_extra:soul_sand_dust":2,"woodenbucket:wooden_bucket":1,"minecraft:stone":1,"exnihilosequentia:calcite_pebble":1,"exnihilosequentia:crushed_granite":1,"minecraft:spider_eye":1,"exnihilosequentia:mycelium_spores":4,"minecraft:oak_log":281,"exnihilosequentia:diorite_pebble":124,"minecraft:ender_pearl":2,"gtceu:copper_plate":3,"gravestone:obituary":2,"minecraft:amethyst_shard":3,"gtceu:nickel_dust":31,"gtceu:tiny_flint_dust":6,"gtceu:iron_mortar":2,"gtceu:zinc_ingot":86,"minecraft:gravel":79,"exnihilosequentia:deepslate_pebble":2,"gtceu:iron_dust":64,"exnihilosequentia:silkworm":344,"gtceu:invar_ingot":1,"gtceu:crushed_copper_ore":542,"exnihilosequentia:crushed_andesite":13,"minecraft:melon_seeds":1,"minecraft:chest":4,"thermal:slime_mushroom_spores":25,"exnihilosequentia:dripstone_pebble":1,"gtceu:red_alloy_ingot":1,"minecraft:quartz":6,"minecraft:oak_slab":6,"minecraft:copper_ingot":420,"exnihilosequentia:andesite_pebble":62,"minecraft:stick":62,"minecraft:diorite":9,"exnihilosequentia:dust":1,"minecraft:granite_slab":81,"minecraft:iron_axe":1,"minecraft:cactus":1,"minecraft:bucket":3,"minecraft:redstone":65,"minecraft:iron_hoe":1,"gtceu:crushed_sphalerite_ore":19,"minecraft:andesite":1199,"minecraft:oak_sapling":70,"minecraft:slime_ball":119,"gtceu:nickel_ingot":1,"gtceu:sulfur_dust":39,"minecraft:stone_pickaxe":5},"minecraft:broken":{"minecraft:shears":1,"gtceu:iron_file":1,"exnihilosequentia:wooden_crook":2,"exnihilosequentia:stone_hammer":3,"gtceu:iron_mortar":3,"minecraft:leather_helmet":1,"minecraft:iron_axe":5,"minecraft:iron_pickaxe":2,"minecraft:stone_axe":6,"exnihilosequentia:iron_hammer":3,"create:sand_paper":2},"minecraft:mined":{"minecraft:polished_granite_slab":234,"minecraft:white_bed":1,"create:andesite_casing":56,"exnihilosequentia:oak_sieve":5,"minecraft:jungle_log":8,"minecraft:hopper":8,"minecraft:magma_block":1,"create:speedometer":2,"pipez:fluid_pipe":9,"minecraft:granite_slab":5,"toms_storage:ts.inventory_connector":2,"gtceu:kinetic_ore_factory":4,"colossalchests:chest_wall_wood":102,"create:mechanical_press":4,"minecraft:tripwire":23,"create:cogwheel":28,"minecraft:torch":8,"gtceu:steel_firebox_casing":1,"minecraft:polished_diorite_slab":49,"minecraft:sugar_cane":51,"create:basin":2,"create:portable_storage_interface":2,"minecraft:wheat":8,"minecraft:grass":573,"create:stressometer":1,"gtceu:primitive_blast_furnace":1,"create:linear_chassis":15,"gtceu:lp_steam_liquid_boiler":2,"gtceu:lv_kinetic_input_box":2,"gtceu:lv_input_bus":1,"gtceu:lv_output_bus":4,"gtceu:large_barrel":1,"functionalstorage:oak_1":3,"colossalchests:colossal_chest_wood":1,"create:encased_fan":10,"gtceu:solid_blast_furnace":2,"gtceu:firebricks":40,"create:shaft":24,"createdieselgenerators:basin_lid":1,"gtceu:copper_small_fluid_pipe":2,"create:chute":5,"create:deployer":3,"minecraft:oak_slab":10,"minecraft:dandelion":37,"create:fluid_pipe":13,"create:mechanical_pump":1,"create:water_wheel":2,"exnihilosequentia:fired_crucible":1,"minecraft:tall_grass":130,"thermal:rice":10,"create:mechanical_saw":4,"create:water_wheel_structure":7,"gtceu:lv_machine_hull":1,"create:gearbox":8,"create:mechanical_drill":2,"create:crushing_wheel":1,"minecraft:gravel":824,"minecraft:oak_sapling":1,"minecraft:farmland":8,"gtceu:large_farm":2,"minecraft:cobblestone_stairs":1,"gtceu:lp_steam_solid_boiler":1,"minecraft:grass_block":3,"minecraft:composter":3,"toms_storage:ts.storage_terminal":6,"createdieselgenerators:large_diesel_engine":8,"exnihilosequentia:oak_barrel":18,"gtceu:treated_wood_frame":27,"create:radial_chassis":1,"gtceu:ulv_input_hatch":2,"create:adjustable_chain_gearshift":10,"minecraft:clay":213,"minecraft:poppy":53,"minecraft:chest":14,"create:brass_casing":7,"minecraft:cobblestone":1495,"minecraft:oak_planks":10,"minecraft:wall_torch":4,"create:large_water_wheel":5,"gtceu:ulv_input_bus":5,"exnihilosequentia:oak_crucible":1,"minecraft:oak_log":1962,"minecraft:sand":745,"minecraft:dirt":118,"create:encased_chain_drive":9,"minecraft:oak_leaves":506,"exnihilosequentia:infested_leaves":421,"functionalstorage:oak_2":4,"gtceu:ulv_output_bus":3,"gravestone:gravestone":27,"create:large_cogwheel":5,"create:depot":7,"minecraft:soul_campfire":1,"thermal:device_composter":2,"minecraft:diorite_slab":113,"minecraft:furnace":13,"functionalstorage:oak_4":2,"thermal:device_tree_extractor":1,"gtceu:ulv_output_hatch":1,"gtceu:treated_wood_planks":26,"exnihilosequentia:dust":2,"pipez:item_pipe":17,"minecraft:crafting_table":4,"exnihilosequentia:stone_barrel":2,"create_new_age:redstone_magnet":27,"exnihilosequentia:infesting_leaves":5,"gtceu:solid_machine_casing":1,"create_new_age:generator_coil":1,"create:mechanical_crafter":46,"thermal:fluid_cell":10},"minecraft:crafted":{"colossalchests:colossal_chest_wood":1,"gtceu:vacuum_tube":18,"gtceu:steel_plate":200,"gtceu:wrought_iron_bolt":4,"pipez:item_pipe":48,"gtceu:treated_wood_planks":138,"minecraft:polished_blackstone_slab":36,"kubejs:meshblock":9,"minecraft:lever":5,"exnihilosequentia:unfired_crucible":1,"gtceu:kinetic_sieve":1,"gtceu:brick_wooden_form":1,"gtceu:tin_ingot":16,"gtceu:basic_electronic_circuit":9,"gtceu:bronze_small_fluid_pipe":12,"gtceu:large_farm":4,"exnihilosequentia:stone_barrel":1,"minecraft:granite":93,"create:vertical_gearbox":11,"create:radial_chassis":3,"gtceu:solid_blast_furnace":1,"create:mechanical_press":2,"gtceu:bronze_rod":8,"gtceu:lv_machine_casing":11,"minecraft:polished_blackstone":20,"gtceu:treated_wood_boat":11,"thermal:fluid_cell_frame":4,"create:cogwheel":133,"gtceu:lv_polarizer":1,"create:precision_mechanism":2,"gtceu:resin_printed_circuit_board":9,"toms_storage:ts.crafting_terminal":1,"gtceu:lp_steam_macerator":1,"gtceu:bronze_normal_fluid_pipe":8,"gtceu:bronze_dust":100,"create:rose_quartz":18,"minecraft:soul_campfire":2,"gtceu:fine_copper_wire":34,"farmersdelight:iron_knife":1,"create:adjustable_chain_gearshift":5,"exnihilosequentia:fired_crucible":1,"minecraft:clock":3,"minecraft:copper_ingot":64,"minecraft:campfire":3,"create:encased_chain_drive":10,"create:mechanical_mixer":1,"gtceu:copper_single_wire":126,"create:gearbox":17,"create:encased_fan":2,"gtceu:copper_foil":34,"thermal:redstone_servo":2,"minecraft:stone_slab":6,"minecraft:compass":2,"minecraft:iron_pickaxe":3,"minecraft:iron_block":2,"createdieselgenerators:diesel_engine":12,"create:large_cogwheel":2,"woodenbucket:wooden_bucket":2,"create:propeller":2,"gtceu:soul_infused_single_wire":17,"minecraft:composter":3,"gtceu:empty_wooden_form":1,"gtceu:brick_dust":132,"gtceu:small_iron_gear":8,"gtceu:copper_tiny_fluid_pipe":10,"minecraft:iron_nugget":144,"gtceu:steel_bolt":40,"gtceu:iron_screwdriver":1,"exnihilosequentia:porcelain_clay":7,"gtceu:solid_machine_casing":22,"gtceu:zinc_ingot":52,"exnihilosequentia:diorite_hammer":1,"gtceu:iron_hammer":3,"gtceu:red_alloy_single_wire":51,"gtceu:ulv_input_bus":6,"gtceu:wrought_iron_screw":2,"thermal:rice":1,"gtceu:firebrick":264,"gtceu:ulv_input_hatch":2,"thermal:device_composter":1,"gtceu:treated_wood_rod":600,"minecraft:polished_diorite":256,"gtceu:iron_rod":73,"gtceu:iron_file":8,"minecraft:stone_pickaxe":5,"create_new_age:generator_coil":2,"toms_storage:ts.inventory_connector":1,"create:electron_tube":18,"create_new_age:redstone_magnet":24,"gtceu:iron_dust":16,"minecraft:wheat":603,"gtceu:lv_output_bus":4,"gtceu:bronze_frame":2,"komarumod:komaru_powder":1,"gtceu:iron_mortar":9,"functionalstorage:oak_4":4,"create:goggles":1,"gtceu:sulfur_dust":30,"functionalstorage:oak_2":2,"create:andesite_alloy_block":2,"minecraft:glowstone":1,"gtceu:brass_block":12,"create:speedometer":2,"minecraft:cobblestone":97,"gtceu:lp_steam_compressor":1,"minecraft:flint":8,"thermal_extra:soul_sand_dust":67,"minecraft:blackstone":22,"thermal:device_tree_extractor":1,"thermal:rice_block":1,"minecraft:white_bed":4,"create:shaft":208,"gtceu:lv_4a_energy_converter":1,"gtceu:soul_infused_dust":16,"exnihilosequentia:string_mesh":72,"minecraft:brick":544,"createdieselgenerators:large_diesel_engine":12,"gtceu:wrought_iron_rod":5,"minecraft:oak_planks":2492,"gtceu:invar_dust":18,"minecraft:cobblestone_slab":2,"minecraft:barrel":55,"gtceu:lv_machine_hull":11,"gtceu:iron_saw":4,"minecraft:lightning_rod":1,"minecraft:stone":32,"gtceu:glass_tube":23,"create:mechanical_bearing":1,"create:deployer":4,"pipez:fluid_pipe":24,"gtceu:zinc_nugget":18,"colossalchests:chest_wall_wood":98,"minecraft:hopper":8,"gtceu:quartz_sand_dust":596,"gtceu:treated_wood_frame":126,"gtceu:clay_dust":132,"toms_storage:ts.storage_terminal":1,"minecraft:comparator":3,"create_new_age:energiser_t1":1,"minecraft:chest":52,"gtceu:copper_nugget":18,"gtceu:ulv_output_bus":4,"minecraft:bricks":152,"gtceu:brass_screw":114,"gtceu:pump_deck":10,"gtceu:bronze_pipe_casing":4,"gtceu:bronze_machine_casing":6,"create:brass_hand":4,"minecraft:polished_diorite_slab":702,"minecraft:magma_block":1,"farmersdelight:stove":1,"create:depot":5,"minecraft:oak_slab":312,"gtceu:ulv_output_hatch":1,"minecraft:crafting_table":14,"create:mechanical_saw":4,"minecraft:baked_potato":370,"gtceu:steel_frame":16,"create:fluid_pipe":40,"gtceu:primitive_blast_furnace":1,"gtceu:ulv_machine_casing":12,"gtceu:iron_screw":35,"create_new_age:electrical_connector":4,"gtceu:red_alloy_dust":30,"createdieselgenerators:engine_piston":24,"create:sand_paper":3,"create_new_age:carbon_brushes":1,"gtceu:wood_plate":37,"minecraft:diorite":61,"create:stressometer":1,"minecraft:paper":72,"minecraft:charcoal":780,"exnihilosequentia:stone_hammer":5,"create:water_wheel":8,"gtceu:sticky_resin":16,"create:portable_storage_interface":2,"create:super_glue":1,"kubejs:wood_casing":56,"gtceu:brass_dust":192,"minecraft:stick":24,"create:mechanical_pump":6,"gtceu:brass_bolt":175,"minecraft:iron_ingot":560,"create_new_age:layered_magnet":24,"create:clipboard":1,"minecraft:redstone_torch":9,"gtceu:iron_wire_cutter":5,"gtceu:treated_wood_pressure_plate":1,"minecraft:shears":1,"gtceu:steel_firebox_casing":10,"gtceu:steel_rod":107,"gtceu:soul_infused_quadruple_wire":4,"create:chute":8,"minecraft:coarse_dirt":32,"gtceu:lp_steam_liquid_boiler":1,"exnihilosequentia:oak_crucible":1,"gtceu:lv_input_bus":1,"gtceu:resistor":34,"gtceu:ulv_machine_hull":12,"gtceu:large_barrel":1,"gtceu:zinc_dust":59,"gtceu:lv_kinetic_input_box":2,"gtceu:iron_wrench":1,"minecraft:furnace":4,"minecraft:piston":4,"minecraft:glass_pane":138,"exnihilosequentia:oak_sieve":24,"minecraft:flint_and_steel":13,"gtceu:tin_single_wire":32,"gtceu:iron_bolt":70,"gtceu:compressed_fireclay":201,"createdieselgenerators:basin_lid":3,"gtceu:steel_screw":2,"minecraft:iron_axe":6,"minecraft:iron_hoe":1,"minecraft:slime_ball":16,"create:millstone":1,"create:fluid_tank":52,"gtceu:bronze_ingot":12,"gtceu:tin_double_wire":4,"exnihilosequentia:iron_hammer":3,"create:basin":5,"trashcans:item_trash_can":1,"exnihilosequentia:wooden_crook":6,"gtceu:flint_dust":85,"functionalstorage:oak_1":8,"gtceu:iron_gear":2,"create_new_age:magnetite_block":24,"gtceu:kinetic_ore_factory":1,"create:andesite_alloy":105,"exnihilosequentia:oak_barrel":44,"gtceu:resin_circuit_board":11,"gtceu:copper_dust":12,"gtceu:glass_dust":600,"gtceu:copper_small_fluid_pipe":9,"gtceu:red_alloy_single_cable":51,"create:large_water_wheel":7,"gtceu:tin_small_item_pipe":18,"minecraft:bucket":3,"minecraft:stone_axe":10,"minecraft:air":3599,"gtceu:tin_dust":4,"gtceu:lp_steam_solid_boiler":1,"gtceu:tin_single_cable":24,"minecraft:white_wool":12,"gtceu:firebricks":66,"create:whisk":1,"gtceu:bronze_brick_casing":1,"minecraft:white_dye":1,"gtceu:charcoal_dust":17,"create:linear_chassis":9,"create:mechanical_crafter":21,"gtceu:brass_rod":117,"create:mechanical_drill":1,"minecraft:andesite":62,"gtceu:wood_crate":5,"minecraft:torch":20,"minecraft:diorite_slab":6,"minecraft:granite_slab":54,"thermal:rubber":50,"gtceu:tiny_flint_dust":648,"minecraft:clay":73,"gtceu:fireclay_dust":133},"minecraft:custom":{"minecraft:interact_with_crafting_table":390,"minecraft:leave_game":11,"minecraft:time_since_death":75326,"minecraft:play_time":2025830,"minecraft:deaths":26,"minecraft:jump":9166,"minecraft:interact_with_furnace":592,"minecraft:sleep_in_bed":29,"minecraft:damage_dealt":7309,"minecraft:inspect_hopper":33,"minecraft:sneak_time":66616,"minecraft:total_world_time":2025830,"minecraft:time_since_rest":75358,"minecraft:swim_one_cm":134893,"minecraft:fly_one_cm":1122316,"minecraft:open_chest":650,"minecraft:fall_one_cm":231655,"minecraft:sprint_one_cm":2500581,"minecraft:drop":394,"minecraft:walk_on_water_one_cm":83525,"minecraft:crouch_one_cm":195331,"minecraft:mob_kills":61,"minecraft:interact_with_campfire":457,"minecraft:walk_one_cm":3978067,"minecraft:walk_under_water_one_cm":19541,"minecraft:damage_taken":9404},"minecraft:killed":{"minecraft:zombie":4,"minecraft:husk":13,"minecraft:enderman":7,"minecraft:spider":5,"minecraft:creeper":1,"minecraft:slime":22,"minecraft:bat":1},"minecraft:used":{"create:deployer":6,"trashcans:item_trash_can":1,"minecraft:chest":23,"gtceu:pump_deck":9,"gtceu:firebricks":100,"gtceu:treated_wood_planks":97,"create:fluid_tank":12,"create:mechanical_crafter":46,"create:depot":11,"gtceu:iron_wrench":2,"minecraft:jungle_sapling":2,"minecraft:lava_bucket":14,"gtceu:ulv_input_hatch":4,"create:shaft":50,"minecraft:furnace":4,"minecraft:oak_sapling":356,"gtceu:lv_4a_energy_converter":1,"minecraft:potato":15,"gtceu:solid_blast_furnace":3,"gtceu:solid_machine_casing":22,"create_new_age:redstone_magnet":27,"toms_storage:ts.inventory_connector":2,"minecraft:composter":5,"exnihilosequentia:oak_sieve":28,"exnihilosequentia:stone_barrel":3,"minecraft:clay":87,"minecraft:oak_leaves":238,"minecraft:sand":176,"gtceu:lv_output_bus":8,"gtceu:kinetic_ore_factory":5,"gtceu:lp_steam_compressor":1,"create:adjustable_chain_gearshift":11,"gtceu:soul_infused_single_wire":1,"create:basin":7,"gtceu:ulv_input_bus":11,"minecraft:diorite_slab":314,"komarumod:komaru_spawn_egg":1,"create_new_age:generator_coil":3,"gtceu:treated_wood_frame":107,"minecraft:torch":37,"gtceu:steel_firebox_casing":10,"toms_storage:ts.crafting_terminal":1,"exnihilosequentia:grass_seeds":17,"gtceu:large_barrel":2,"create:gearbox":10,"minecraft:iron_axe":1442,"minecraft:jungle_log":1,"create:encased_chain_drive":10,"create:fluid_pipe":32,"minecraft:wheat_seeds":24,"minecraft:water_bucket":41,"thermal:rice_seeds":10,"gtceu:lp_steam_liquid_boiler":2,"create:encased_fan":12,"minecraft:oak_slab":21,"minecraft:crafting_table":6,"minecraft:campfire":2,"minecraft:white_bed":5,"minecraft:oak_log":60,"exnihilosequentia:oak_barrel":20,"minecraft:iron_pickaxe":535,"create:water_wheel":3,"minecraft:leather_helmet":2,"gtceu:ulv_output_hatch":2,"gtceu:lv_input_bus":2,"minecraft:cobblestone":490,"create:portable_storage_interface":4,"farmersdelight:stove":1,"gtceu:bronze_machine_casing":4,"toms_storage:ts.storage_terminal":6,"create:mechanical_bearing":1,"minecraft:soul_campfire":2,"functionalstorage:oak_2":6,"create:cogwheel":142,"exnihilosequentia:oak_crucible":2,"gtceu:ulv_output_bus":6,"create:speedometer":3,"gtceu:primitive_blast_furnace":1,"create:millstone":1,"thermal:device_composter":2,"createdieselgenerators:biodiesel_bucket":3,"minecraft:magma_block":1,"gtceu:lv_kinetic_input_box":3,"pipez:item_pipe":52,"create:mechanical_drill":2,"createdieselgenerators:large_diesel_engine":20,"gtceu:lv_polarizer":1,"gtceu:lp_steam_solid_boiler":2,"create:crushing_wheel":3,"minecraft:stone_pickaxe":208,"minecraft:oak_planks":11,"minecraft:polished_diorite_slab":265,"minecraft:sugar_cane":4,"create:mechanical_saw":8,"colossalchests:chest_wall_wood":199,"minecraft:shears":238,"gtceu:lp_steam_macerator":1,"minecraft:lever":8,"thermal:device_tree_extractor":2,"create_new_age:copper_wire":4,"minecraft:string":23,"create:andesite_casing":3,"minecraft:gravel":218,"exnihilosequentia:dust":2,"minecraft:granite_slab":162,"create_new_age:electrical_connector":3,"gtceu:lv_machine_hull":1,"exnihilosequentia:andesite_hammer":180,"exnihilosequentia:stone_hammer":1145,"functionalstorage:oak_1":11,"create:stressometer":2,"exnihilosequentia:silkworm":4,"create:vertical_gearbox":13,"gtceu:copper_small_fluid_pipe":4,"minecraft:bone_meal":64,"create:large_cogwheel":3,"create:clipboard":1,"create:mechanical_pump":7,"minecraft:dirt":285,"create:mechanical_mixer":1,"minecraft:hopper":12,"gtceu:bronze_pipe_casing":4,"create:chute":9,"minecraft:iron_hoe":25,"gtceu:large_farm":6,"exnihilosequentia:wooden_crook":537,"thermal:fluid_cell":10,"create:radial_chassis":2,"pipez:fluid_pipe":24,"exnihilosequentia:fired_crucible":2,"minecraft:baked_potato":127,"minecraft:cobblestone_slab":12,"create_new_age:energiser_t1":1,"thermal:fluid_cell_frame":4,"create_new_age:layered_magnet":24,"create:linear_chassis":22,"exnihilosequentia:iron_hammer":1716,"minecraft:apple":1,"functionalstorage:oak_4":3,"create:mechanical_press":6,"create:large_water_wheel":12,"colossalchests:colossal_chest_wood":2,"minecraft:stone_axe":951,"createdieselgenerators:basin_lid":4,"minecraft:bucket":145,"create_new_age:carbon_brushes":1}},"DataVersion":3465}