{"stats":{"minecraft:custom":{"minecraft:interact_with_crafting_table":332,"minecraft:leave_game":5,"minecraft:time_since_death":2805,"minecraft:sprint_one_cm":761447,"minecraft:drop":259,"minecraft:play_time":885105,"minecraft:deaths":20,"minecraft:jump":3763,"minecraft:walk_on_water_one_cm":41653,"minecraft:interact_with_furnace":540,"minecraft:sleep_in_bed":26,"minecraft:damage_dealt":4315,"minecraft:crouch_one_cm":94128,"minecraft:mob_kills":25,"minecraft:inspect_hopper":4,"minecraft:interact_with_campfire":206,"minecraft:walk_one_cm":2122042,"minecraft:sneak_time":38104,"minecraft:walk_under_water_one_cm":14629,"minecraft:total_world_time":885105,"minecraft:time_since_rest":2832,"minecraft:damage_taken":5360,"minecraft:swim_one_cm":132345,"minecraft:fly_one_cm":265734,"minecraft:open_chest":516,"minecraft:fall_one_cm":75305},"minecraft:killed":{"minecraft:spider":1,"minecraft:zombie":2,"minecraft:husk":11,"minecraft:enderman":5},"minecraft:mined":{"minecraft:polished_granite_slab":4,"minecraft:white_bed":1,"minecraft:oak_sapling":1,"create:andesite_casing":28,"minecraft:cobblestone_stairs":1,"exnihilosequentia:oak_sieve":5,"minecraft:grass_block":3,"minecraft:jungle_log":8,"toms_storage:ts.storage_terminal":6,"minecraft:granite_slab":5,"exnihilosequentia:oak_barrel":13,"toms_storage:ts.inventory_connector":2,"colossalchests:chest_wall_wood":102,"gtceu:treated_wood_frame":3,"create:mechanical_press":2,"minecraft:tripwire":23,"create:cogwheel":18,"create:adjustable_chain_gearshift":5,"minecraft:clay":213,"minecraft:torch":1,"minecraft:chest":4,"minecraft:polished_diorite_slab":13,"minecraft:cobblestone":1111,"minecraft:sugar_cane":39,"minecraft:wall_torch":1,"create:large_water_wheel":5,"exnihilosequentia:oak_crucible":1,"minecraft:oak_log":972,"minecraft:sand":615,"minecraft:dirt":12,"create:encased_chain_drive":4,"minecraft:oak_leaves":356,"exnihilosequentia:infested_leaves":421,"functionalstorage:oak_1":2,"gravestone:gravestone":21,"create:large_cogwheel":4,"colossalchests:colossal_chest_wood":1,"create:encased_fan":5,"gtceu:firebricks":1,"minecraft:diorite_slab":97,"create:shaft":2,"minecraft:furnace":2,"thermal:device_tree_extractor":1,"create:chute":4,"gtceu:treated_wood_planks":1,"minecraft:oak_slab":2,"exnihilosequentia:dust":2,"minecraft:crafting_table":3,"create:fluid_pipe":6,"exnihilosequentia:stone_barrel":2,"exnihilosequentia:infesting_leaves":5,"exnihilosequentia:fired_crucible":1,"create:gearbox":6,"create:mechanical_drill":2,"minecraft:gravel":695,"thermal:fluid_cell":1},"minecraft:picked_up":{"gtceu:tiny_sulfur_dust":40,"exnihilosequentia:oak_crucible":1,"gtceu:sticky_resin":25,"exnihilosequentia:andesite_pebble":359,"gtceu:treated_wood_planks":1,"minecraft:string":1122,"create:mechanical_press":2,"exnihilosequentia:oak_sieve":5,"minecraft:cobblestone_slab":5,"minecraft:furnace":2,"minecraft:stick":281,"minecraft:torch":4,"create:andesite_casing":28,"minecraft:diorite":855,"thermal:flax_seeds":1,"create:large_cogwheel":4,"exnihilosequentia:wooden_crook":1,"minecraft:rotten_flesh":9,"toms_storage:ts.inventory_connector":2,"colossalchests:colossal_chest_wood":1,"minecraft:cobblestone":1314,"minecraft:polished_diorite_slab":7,"minecraft:andesite":963,"minecraft:jungle_log":8,"minecraft:potato":193,"exnihilosequentia:string_mesh":2,"minecraft:lapis_lazuli":24,"minecraft:dirt":267,"create:encased_chain_drive":4,"exnihilosequentia:fired_crucible":1,"minecraft:glass":12,"minecraft:wheat_seeds":1,"create:mechanical_drill":2,"gtceu:iron_mortar":1,"create:goggles":1,"exnihilosequentia:grass_seeds":1,"create:shaft":2,"minecraft:rabbit":4,"minecraft:glowstone_dust":63,"create:cogwheel":18,"exnihilosequentia:tuff_pebble":7,"minecraft:sand":693,"minecraft:granite_slab":18,"gtceu:treated_wood_frame":3,"exnihilosequentia:silkworm":394,"thermal:rubber":6,"minecraft:clay":136,"minecraft:diamond":1,"thermal:device_tree_extractor":1,"minecraft:lever":3,"minecraft:polished_granite_slab":1,"minecraft:granite":1024,"minecraft:bone_meal":12,"minecraft:emerald":2,"minecraft:oak_sapling":509,"minecraft:charcoal":98,"minecraft:oak_leaves":238,"minecraft:cocoa_beans":1,"functionalstorage:oak_1":2,"minecraft:mud":2,"minecraft:crafting_table":3,"gtceu:wrought_iron_ingot":366,"minecraft:clay_ball":852,"toms_storage:ts.storage_terminal":6,"minecraft:diorite_slab":361,"gtceu:crushed_sphalerite_ore":121,"create:fluid_pipe":6,"minecraft:iron_axe":1,"exnihilosequentia:dust":617,"create:chute":4,"minecraft:jungle_sapling":1,"colossalchests:chest_wall_wood":102,"minecraft:sugar_cane":66,"minecraft:chest":4,"minecraft:birch_sapling":1,"exnihilosequentia:diorite_pebble":371,"exnihilosequentia:granite_pebble":494,"minecraft:redstone":70,"exnihilosequentia:stone_pebble":506,"gtceu:crushed_copper_ore":374,"create:vertical_gearbox":2,"gtceu:crushed_tin_ore":150,"minecraft:beetroot_seeds":3,"exnihilosequentia:dripstone_pebble":1,"exnihilosequentia:stone_barrel":2,"gtceu:firebricks":1,"exnihilosequentia:basalt_pebble":1,"minecraft:oak_log":1033,"minecraft:gunpowder":1,"minecraft:cobblestone_stairs":1,"minecraft:apple":58,"create:adjustable_chain_gearshift":5,"minecraft:rabbit_hide":3,"minecraft:iron_ingot":65,"minecraft:stone_pickaxe":1,"minecraft:acacia_sapling":1,"minecraft:oak_slab":3,"thermal:fluid_cell":1,"create:large_water_wheel":5,"minecraft:quartz":9,"minecraft:gravel":1176,"minecraft:amethyst_shard":3,"gtceu:red_alloy_ingot":6,"minecraft:white_bed":1,"minecraft:spider_eye":1,"exnihilosequentia:oak_barrel":13,"create:gearbox":4,"minecraft:leather_helmet":1,"minecraft:pumpkin_seeds":3,"minecraft:slime_ball":100,"gtceu:crushed_iron_ore":443,"minecraft:polished_diorite":256,"minecraft:stone_axe":1,"create:encased_fan":5,"minecraft:baked_potato":20,"gtceu:crushed_magnetite_ore":144,"minecraft:melon_seeds":6,"minecraft:ender_pearl":13},"minecraft:broken":{"minecraft:shears":1,"exnihilosequentia:wooden_crook":2,"exnihilosequentia:stone_hammer":3,"minecraft:stone_axe":6,"gtceu:iron_mortar":2,"minecraft:iron_axe":1,"exnihilosequentia:iron_hammer":1},"minecraft:killed_by":{"minecraft:creeper":2,"minecraft:zombie":2,"minecraft:enderman":2,"minecraft:slime":1},"minecraft:used":{"minecraft:chest":16,"farmersdelight:stove":1,"toms_storage:ts.storage_terminal":6,"gtceu:treated_wood_planks":14,"gtceu:firebricks":33,"create:cogwheel":52,"exnihilosequentia:oak_crucible":2,"create:depot":1,"minecraft:jungle_sapling":2,"minecraft:lava_bucket":4,"gtceu:primitive_blast_furnace":1,"create:mechanical_drill":2,"create:shaft":12,"minecraft:oak_sapling":169,"minecraft:furnace":4,"minecraft:potato":7,"minecraft:stone_pickaxe":208,"toms_storage:ts.inventory_connector":2,"minecraft:polished_diorite_slab":6,"minecraft:clay":87,"minecraft:sugar_cane":4,"exnihilosequentia:stone_barrel":3,"exnihilosequentia:oak_sieve":28,"colossalchests:chest_wall_wood":199,"minecraft:oak_leaves":238,"minecraft:sand":172,"gtceu:lv_output_bus":1,"minecraft:shears":238,"minecraft:lever":5,"thermal:device_tree_extractor":2,"minecraft:string":23,"minecraft:gravel":214,"create:adjustable_chain_gearshift":9,"create:andesite_casing":3,"exnihilosequentia:dust":2,"minecraft:granite_slab":162,"exnihilosequentia:stone_hammer":1145,"exnihilosequentia:andesite_hammer":180,"functionalstorage:oak_1":4,"exnihilosequentia:silkworm":4,"create:vertical_gearbox":6,"minecraft:diorite_slab":251,"create:large_cogwheel":3,"gtceu:treated_wood_frame":23,"minecraft:torch":12,"minecraft:dirt":152,"create:mechanical_pump":3,"toms_storage:ts.crafting_terminal":1,"minecraft:hopper":8,"create:chute":5,"minecraft:iron_hoe":1,"create:gearbox":5,"minecraft:iron_axe":250,"minecraft:jungle_log":1,"gtceu:large_farm":1,"exnihilosequentia:wooden_crook":537,"create:encased_chain_drive":8,"thermal:fluid_cell":1,"create:fluid_pipe":15,"exnihilosequentia:fired_crucible":2,"minecraft:water_bucket":12,"minecraft:baked_potato":16,"minecraft:cobblestone_slab":12,"thermal:fluid_cell_frame":1,"create:encased_fan":6,"minecraft:oak_slab":15,"minecraft:crafting_table":5,"minecraft:white_bed":5,"minecraft:campfire":2,"minecraft:oak_log":25,"exnihilosequentia:iron_hammer":1076,"minecraft:apple":1,"exnihilosequentia:oak_barrel":19,"create:mechanical_press":3,"minecraft:leather_helmet":2,"create:large_water_wheel":10,"colossalchests:colossal_chest_wood":2,"minecraft:stone_axe":928,"gtceu:lv_input_bus":1,"minecraft:cobblestone":484,"minecraft:bucket":111},"minecraft:dropped":{"exnihilosequentia:mycelium_spores":2,"gtceu:iron_plate":4,"exnihilosequentia:granite_pebble":229,"minecraft:lapis_lazuli":24,"minecraft:oak_log":158,"exnihilosequentia:diorite_pebble":124,"minecraft:ender_pearl":2,"minecraft:crafting_table":3,"gtceu:flint_dust":2,"minecraft:emerald":2,"thermal:flax_seeds":1,"minecraft:dirt":3,"minecraft:amethyst_shard":3,"create:goggles":1,"gtceu:tiny_flint_dust":6,"gtceu:iron_mortar":2,"minecraft:diorite_slab":263,"minecraft:gravel":79,"exnihilosequentia:deepslate_pebble":2,"minecraft:oak_planks":2,"exnihilosequentia:silkworm":344,"minecraft:glowstone_dust":6,"gtceu:crushed_copper_ore":94,"exnihilosequentia:crushed_andesite":13,"minecraft:charcoal":1,"minecraft:melon_seeds":1,"thermal:slime_mushroom_spores":25,"minecraft:chest":4,"exnihilosequentia:stone_pebble":73,"exnihilosequentia:wooden_crook":2,"exnihilosequentia:dripstone_pebble":1,"gtceu:red_alloy_ingot":1,"minecraft:glass":2,"minecraft:quartz":6,"kubejs:coin":39,"minecraft:iron_ingot":5,"create:rose_quartz":4,"minecraft:oak_slab":6,"exnihilosequentia:crushed_diorite":10,"minecraft:wheat_seeds":1,"minecraft:cobblestone":1308,"gtceu:crushed_iron_ore":106,"minecraft:apple":22,"minecraft:granite":64,"gtceu:crushed_magnetite_ore":22,"minecraft:copper_ingot":4,"gtceu:crushed_tin_ore":15,"exnihilosequentia:andesite_pebble":62,"minecraft:stick":62,"minecraft:diorite":9,"exnihilosequentia:blackstone_pebble":2,"exnihilosequentia:dust":1,"minecraft:granite_slab":81,"minecraft:iron_axe":1,"minecraft:mud":2,"minecraft:cactus":1,"minecraft:string":905,"minecraft:redstone":19,"minecraft:furnace":2,"gtceu:tiny_sulfur_dust":6,"thermal:rubber":30,"minecraft:pumpkin_seeds":1,"gtceu:crushed_sphalerite_ore":19,"woodenbucket:wooden_bucket":1,"minecraft:stone":1,"exnihilosequentia:calcite_pebble":1,"exnihilosequentia:crushed_granite":1,"minecraft:andesite":1199,"minecraft:oak_sapling":70,"minecraft:spider_eye":1,"minecraft:slime_ball":100,"gtceu:sulfur_dust":8,"minecraft:stone_pickaxe":5},"minecraft:crafted":{"minecraft:brick":544,"gtceu:wrought_iron_rod":5,"minecraft:oak_planks":1116,"minecraft:cobblestone_slab":2,"colossalchests:colossal_chest_wood":1,"gtceu:vacuum_tube":2,"minecraft:barrel":1,"gtceu:steel_plate":99,"gtceu:lv_machine_hull":2,"gtceu:wrought_iron_bolt":4,"gtceu:iron_saw":2,"gtceu:treated_wood_planks":50,"minecraft:stone":32,"minecraft:lever":4,"exnihilosequentia:unfired_crucible":1,"gtceu:glass_tube":2,"gtceu:brick_wooden_form":1,"gtceu:tin_ingot":16,"gtceu:basic_electronic_circuit":1,"colossalchests:chest_wall_wood":98,"gtceu:large_farm":1,"exnihilosequentia:stone_barrel":1,"minecraft:granite":93,"create:vertical_gearbox":6,"minecraft:hopper":8,"gtceu:quartz_sand_dust":12,"gtceu:treated_wood_frame":10,"gtceu:solid_blast_furnace":1,"gtceu:clay_dust":132,"create:mechanical_press":1,"gtceu:lv_machine_casing":2,"toms_storage:ts.storage_terminal":1,"minecraft:comparator":3,"minecraft:chest":27,"gtceu:ulv_output_bus":1,"minecraft:bricks":136,"thermal:fluid_cell_frame":1,"create:cogwheel":45,"gtceu:resin_printed_circuit_board":1,"farmersdelight:stove":1,"create:depot":1,"toms_storage:ts.crafting_terminal":1,"minecraft:oak_slab":48,"gtceu:bronze_dust":4,"create:rose_quartz":4,"gtceu:fine_copper_wire":2,"minecraft:crafting_table":10,"gtceu:steel_frame":16,"farmersdelight:iron_knife":1,"create:fluid_pipe":12,"gtceu:primitive_blast_furnace":1,"create:adjustable_chain_gearshift":4,"minecraft:baked_potato":50,"gtceu:ulv_machine_casing":2,"gtceu:iron_screw":9,"exnihilosequentia:fired_crucible":1,"minecraft:copper_ingot":64,"create:sand_paper":1,"gtceu:wood_plate":6,"minecraft:campfire":3,"create:encased_chain_drive":8,"minecraft:diorite":61,"gtceu:copper_single_wire":14,"create:gearbox":8,"create:encased_fan":1,"gtceu:copper_foil":4,"thermal:redstone_servo":1,"minecraft:paper":3,"create:water_wheel":5,"minecraft:charcoal":775,"exnihilosequentia:stone_hammer":5,"gtceu:sticky_resin":16,"minecraft:stick":24,"minecraft:stone_slab":6,"create:mechanical_pump":2,"minecraft:iron_ingot":557,"minecraft:iron_block":1,"create:propeller":1,"create:large_cogwheel":2,"woodenbucket:wooden_bucket":2,"minecraft:redstone_torch":9,"gtceu:iron_wire_cutter":1,"minecraft:shears":1,"gtceu:steel_firebox_casing":6,"gtceu:empty_wooden_form":1,"gtceu:steel_rod":87,"gtceu:brick_dust":132,"create:chute":4,"minecraft:coarse_dirt":32,"exnihilosequentia:oak_crucible":1,"gtceu:small_iron_gear":8,"minecraft:iron_nugget":72,"gtceu:lv_input_bus":1,"gtceu:steel_bolt":8,"gtceu:resistor":2,"gtceu:ulv_machine_hull":2,"exnihilosequentia:porcelain_clay":7,"gtceu:iron_screwdriver":1,"gtceu:solid_machine_casing":22,"gtceu:iron_wrench":1,"gtceu:zinc_ingot":52,"minecraft:furnace":3,"gtceu:iron_hammer":2,"gtceu:red_alloy_single_wire":7,"gtceu:ulv_input_bus":1,"gtceu:wrought_iron_screw":2,"gtceu:firebrick":264,"minecraft:glass_pane":12,"exnihilosequentia:oak_sieve":23,"minecraft:flint_and_steel":1,"gtceu:tin_single_wire":8,"gtceu:iron_bolt":18,"gtceu:treated_wood_rod":84,"gtceu:compressed_fireclay":201,"gtceu:iron_rod":33,"gtceu:steel_screw":2,"minecraft:iron_axe":1,"minecraft:iron_hoe":1,"minecraft:slime_ball":16,"gtceu:iron_file":3,"minecraft:stone_pickaxe":5,"create:fluid_tank":1,"gtceu:bronze_ingot":8,"toms_storage:ts.inventory_connector":1,"exnihilosequentia:iron_hammer":2,"create:electron_tube":4,"exnihilosequentia:wooden_crook":6,"gtceu:flint_dust":3,"functionalstorage:oak_1":2,"gtceu:lv_output_bus":1,"gtceu:iron_gear":1,"create:andesite_alloy":9,"gtceu:resin_circuit_board":2,"exnihilosequentia:oak_barrel":7,"gtceu:copper_dust":12,"gtceu:glass_dust":12,"gtceu:iron_mortar":3,"gtceu:red_alloy_single_cable":7,"create:goggles":1,"create:large_water_wheel":5,"gtceu:sulfur_dust":9,"minecraft:bucket":2,"minecraft:stone_axe":10,"minecraft:glowstone":1,"minecraft:air":2513,"gtceu:tin_dust":4,"gtceu:tin_single_cable":8,"gtceu:firebricks":66,"minecraft:white_wool":12,"minecraft:cobblestone":97,"gtceu:charcoal_dust":1,"minecraft:flint":8,"thermal:device_tree_extractor":1,"minecraft:white_bed":4,"create:mechanical_drill":1,"create:shaft":72,"minecraft:andesite":62,"gtceu:wood_crate":2,"minecraft:diorite_slab":6,"minecraft:torch":8,"thermal:rubber":14,"minecraft:granite_slab":54,"gtceu:tiny_flint_dust":18,"minecraft:clay":73,"gtceu:fireclay_dust":133,"exnihilosequentia:string_mesh":27}},"DataVersion":3465}