{"stats":{"minecraft:crafted":{"exnihilosequentia:oak_crucible":1,"minecraft:oak_planks":796,"colossalchests:colossal_chest_wood":1,"minecraft:cobblestone_slab":2,"minecraft:furnace":1,"minecraft:stone":15,"colossalchests:chest_wall_wood":98,"exnihilosequentia:oak_sieve":2,"minecraft:granite":92,"gtceu:quartz_sand_dust":3,"toms_storage:ts.storage_terminal":1,"minecraft:comparator":3,"minecraft:stone_pickaxe":3,"minecraft:chest":5,"toms_storage:ts.inventory_connector":1,"exnihilosequentia:wooden_crook":3,"gtceu:flint_dust":3,"minecraft:oak_slab":6,"exnihilosequentia:oak_barrel":1,"minecraft:crafting_table":3,"gtceu:glass_dust":3,"gtceu:iron_mortar":1,"minecraft:campfire":1,"minecraft:stone_axe":3,"minecraft:glowstone":1,"minecraft:diorite":58,"minecraft:air":758,"minecraft:white_wool":12,"minecraft:cobblestone":82,"minecraft:charcoal":3,"exnihilosequentia:stone_hammer":1,"minecraft:stick":16,"minecraft:flint":3,"minecraft:iron_ingot":8,"minecraft:white_bed":4,"woodenbucket:wooden_bucket":1,"minecraft:redstone_torch":9,"minecraft:andesite":59,"minecraft:granite_slab":54,"gtceu:tiny_flint_dust":9,"exnihilosequentia:string_mesh":2},"minecraft:mined":{"minecraft:white_bed":1,"minecraft:oak_sapling":1,"gravestone:gravestone":1,"exnihilosequentia:oak_sieve":1,"colossalchests:colossal_chest_wood":1,"minecraft:furnace":2,"toms_storage:ts.storage_terminal":5,"minecraft:granite_slab":5,"toms_storage:ts.inventory_connector":2,"colossalchests:chest_wall_wood":102,"minecraft:chest":4,"exnihilosequentia:infesting_leaves":3,"minecraft:cobblestone":139,"minecraft:oak_log":320,"minecraft:sand":32,"minecraft:gravel":67,"minecraft:oak_leaves":62,"exnihilosequentia:infested_leaves":198},"minecraft:dropped":{"minecraft:iron_ingot":5,"exnihilosequentia:mycelium_spores":2,"minecraft:oak_slab":6,"exnihilosequentia:granite_pebble":229,"minecraft:wheat_seeds":1,"exnihilosequentia:crushed_diorite":10,"minecraft:lapis_lazuli":24,"minecraft:oak_log":26,"exnihilosequentia:diorite_pebble":124,"minecraft:ender_pearl":2,"minecraft:crafting_table":3,"minecraft:cobblestone":1308,"gtceu:crushed_iron_ore":42,"minecraft:apple":22,"gtceu:flint_dust":2,"minecraft:granite":64,"gtceu:crushed_magnetite_ore":22,"gtceu:crushed_tin_ore":15,"exnihilosequentia:andesite_pebble":62,"thermal:flax_seeds":1,"minecraft:stick":62,"minecraft:emerald":2,"minecraft:dirt":3,"minecraft:diorite":9,"exnihilosequentia:blackstone_pebble":2,"exnihilosequentia:dust":1,"minecraft:amethyst_shard":3,"minecraft:granite_slab":81,"gtceu:tiny_flint_dust":6,"minecraft:mud":2,"minecraft:cactus":1,"minecraft:string":905,"minecraft:diorite_slab":263,"minecraft:redstone":3,"minecraft:gravel":79,"minecraft:furnace":2,"exnihilosequentia:deepslate_pebble":2,"gtceu:tiny_sulfur_dust":6,"exnihilosequentia:silkworm":344,"minecraft:glowstone_dust":6,"gtceu:crushed_copper_ore":94,"minecraft:pumpkin_seeds":1,"gtceu:crushed_sphalerite_ore":19,"exnihilosequentia:crushed_andesite":13,"minecraft:stone":1,"exnihilosequentia:calcite_pebble":1,"exnihilosequentia:crushed_granite":1,"minecraft:charcoal":1,"minecraft:andesite":1199,"minecraft:melon_seeds":1,"minecraft:chest":4,"minecraft:oak_sapling":70,"exnihilosequentia:stone_pebble":73,"minecraft:spider_eye":1,"exnihilosequentia:wooden_crook":2,"exnihilosequentia:dripstone_pebble":1,"minecraft:glass":2,"minecraft:stone_pickaxe":5,"minecraft:quartz":6,"kubejs:coin":39},"minecraft:picked_up":{"minecraft:mud":1,"gtceu:tiny_sulfur_dust":6,"toms_storage:ts.storage_terminal":5,"minecraft:diorite_slab":237,"exnihilosequentia:andesite_pebble":320,"gtceu:crushed_sphalerite_ore":16,"minecraft:string":477,"exnihilosequentia:dust":32,"exnihilosequentia:oak_sieve":1,"minecraft:chest":4,"colossalchests:chest_wall_wood":102,"minecraft:furnace":2,"minecraft:stick":77,"exnihilosequentia:diorite_pebble":328,"exnihilosequentia:granite_pebble":469,"minecraft:redstone":12,"exnihilosequentia:stone_pebble":451,"gtceu:crushed_copper_ore":85,"gtceu:crushed_tin_ore":13,"exnihilosequentia:wooden_crook":1,"toms_storage:ts.inventory_connector":2,"colossalchests:colossal_chest_wood":1,"minecraft:andesite":64,"minecraft:oak_log":343,"minecraft:lapis_lazuli":24,"minecraft:dirt":1,"minecraft:glass":3,"minecraft:apple":23,"minecraft:stone_pickaxe":1,"minecraft:glowstone_dust":10,"minecraft:quartz":9,"minecraft:gravel":144,"minecraft:sand":67,"minecraft:amethyst_shard":3,"minecraft:granite_slab":18,"exnihilosequentia:silkworm":293,"gtceu:crushed_iron_ore":46,"minecraft:diamond":1,"minecraft:stone_axe":1,"minecraft:emerald":2,"gtceu:crushed_magnetite_ore":15,"minecraft:oak_sapling":171,"minecraft:ender_pearl":3},"minecraft:custom":{"minecraft:interact_with_crafting_table":92,"minecraft:interact_with_campfire":3,"minecraft:leave_game":3,"minecraft:time_since_death":31660,"minecraft:sprint_one_cm":24659,"minecraft:walk_one_cm":416384,"minecraft:drop":179,"minecraft:play_time":153827,"minecraft:deaths":1,"minecraft:sneak_time":10857,"minecraft:walk_under_water_one_cm":6073,"minecraft:jump":353,"minecraft:walk_on_water_one_cm":4812,"minecraft:total_world_time":153827,"minecraft:interact_with_furnace":28,"minecraft:sleep_in_bed":10,"minecraft:time_since_rest":14810,"minecraft:damage_taken":300,"minecraft:swim_one_cm":51441,"minecraft:fly_one_cm":8836,"minecraft:open_chest":243,"minecraft:crouch_one_cm":31825,"minecraft:fall_one_cm":4533},"minecraft:broken":{"exnihilosequentia:wooden_crook":1,"minecraft:stone_axe":3},"minecraft:used":{"minecraft:chest":2,"toms_storage:ts.storage_terminal":6,"minecraft:dirt":1,"exnihilosequentia:oak_crucible":1,"exnihilosequentia:wooden_crook":258,"minecraft:oak_sapling":54,"minecraft:furnace":1,"minecraft:stone_pickaxe":7,"toms_storage:ts.inventory_connector":2,"exnihilosequentia:oak_sieve":3,"minecraft:cobblestone_slab":12,"colossalchests:chest_wall_wood":199,"minecraft:sand":32,"minecraft:crafting_table":1,"minecraft:white_bed":4,"minecraft:campfire":1,"minecraft:apple":1,"exnihilosequentia:oak_barrel":1,"minecraft:gravel":67,"colossalchests:colossal_chest_wood":2,"minecraft:granite_slab":162,"minecraft:stone_axe":418,"minecraft:cobblestone":139,"exnihilosequentia:stone_hammer":238,"exnihilosequentia:silkworm":2,"minecraft:diorite_slab":1}},"DataVersion":3465}