{"stats":{"minecraft:dropped":{"gtceu:iron_plate":4,"exnihilosequentia:granite_pebble":229,"minecraft:lapis_lazuli":24,"minecraft:crafting_table":3,"gtceu:flint_dust":2,"thermal:flax_seeds":1,"minecraft:emerald":2,"minecraft:dirt":3,"create:goggles":1,"minecraft:diorite_slab":263,"minecraft:oak_planks":2,"minecraft:glowstone_dust":6,"minecraft:charcoal":1,"exnihilosequentia:stone_pebble":73,"exnihilosequentia:wooden_crook":2,"minecraft:glass":2,"gtceu:gold_dust":48,"kubejs:coin":39,"minecraft:iron_ingot":7,"create:rose_quartz":12,"exnihilosequentia:crushed_diorite":10,"minecraft:wheat_seeds":1,"minecraft:cobblestone":1308,"gtceu:crushed_iron_ore":205,"minecraft:apple":22,"minecraft:granite":64,"gtceu:crushed_magnetite_ore":22,"gtceu:crushed_tin_ore":111,"exnihilosequentia:blackstone_pebble":2,"minecraft:mud":2,"minecraft:string":905,"minecraft:furnace":2,"gtceu:tiny_sulfur_dust":6,"thermal:rubber":123,"gtceu:tin_ingot":60,"minecraft:pumpkin_seeds":1,"woodenbucket:wooden_bucket":1,"minecraft:stone":1,"exnihilosequentia:calcite_pebble":1,"exnihilosequentia:crushed_granite":1,"minecraft:spider_eye":1,"exnihilosequentia:mycelium_spores":2,"minecraft:oak_log":281,"exnihilosequentia:diorite_pebble":124,"minecraft:ender_pearl":2,"gravestone:obituary":2,"minecraft:amethyst_shard":3,"gtceu:nickel_dust":31,"gtceu:tiny_flint_dust":6,"gtceu:iron_mortar":2,"gtceu:zinc_ingot":86,"minecraft:gravel":79,"exnihilosequentia:deepslate_pebble":2,"gtceu:iron_dust":64,"exnihilosequentia:silkworm":344,"gtceu:crushed_copper_ore":542,"exnihilosequentia:crushed_andesite":13,"minecraft:melon_seeds":1,"minecraft:chest":4,"thermal:slime_mushroom_spores":25,"exnihilosequentia:dripstone_pebble":1,"gtceu:red_alloy_ingot":1,"minecraft:quartz":6,"minecraft:oak_slab":6,"minecraft:copper_ingot":420,"exnihilosequentia:andesite_pebble":62,"minecraft:stick":62,"minecraft:diorite":9,"exnihilosequentia:dust":1,"minecraft:granite_slab":81,"minecraft:iron_axe":1,"minecraft:cactus":1,"minecraft:bucket":3,"minecraft:redstone":65,"minecraft:iron_hoe":1,"gtceu:crushed_sphalerite_ore":19,"minecraft:andesite":1199,"minecraft:oak_sapling":70,"minecraft:slime_ball":100,"gtceu:nickel_ingot":1,"gtceu:sulfur_dust":39,"minecraft:stone_pickaxe":5},"minecraft:picked_up":{"gtceu:tiny_sulfur_dust":223,"exnihilosequentia:oak_crucible":1,"gtceu:sticky_resin":25,"exnihilosequentia:andesite_pebble":437,"minecraft:string":1126,"thermal:barley_seeds":7,"exnihilosequentia:oak_sieve":5,"minecraft:composter":3,"thermal:sadiroot_seeds":2,"create:andesite_casing":56,"exnihilosequentia:wooden_crook":1,"toms_storage:ts.inventory_connector":2,"gtceu:lv_machine_hull":1,"thermal:radish_seeds":5,"minecraft:polished_diorite_slab":14,"minecraft:jungle_log":8,"create:encased_chain_drive":9,"pipez:fluid_pipe":8,"create:mechanical_drill":2,"gtceu:iron_mortar":1,"create:goggles":1,"create:shaft":23,"minecraft:glowstone_dust":319,"minecraft:rabbit":6,"gtceu:ulv_input_hatch":2,"minecraft:granite_slab":18,"thermal:onion_seeds":3,"exnihilosequentia:silkworm":394,"minecraft:iron_hoe":1,"thermal:rubber":51,"minecraft:lever":6,"minecraft:polished_granite_slab":34,"createdieselgenerators:large_diesel_engine":8,"thermal:eggplant_seeds":6,"minecraft:granite":1024,"gtceu:ulv_input_bus":4,"minecraft:mud":2,"minecraft:crafting_table":4,"gtceu:sulfur_dust":15,"gtceu:wrought_iron_ingot":498,"gtceu:tin_ingot":96,"minecraft:clay_ball":852,"functionalstorage:oak_2":4,"toms_storage:ts.storage_terminal":6,"exnihilosequentia:calcite_pebble":69,"gtceu:crushed_sphalerite_ore":315,"create:fluid_pipe":6,"gtceu:lv_kinetic_input_box":2,"gtceu:solid_machine_casing":1,"minecraft:jungle_sapling":7,"minecraft:poppy":53,"colossalchests:chest_wall_wood":102,"minecraft:chest":4,"minecraft:birch_sapling":8,"gtceu:kinetic_ore_factory":4,"pipez:item_pipe":17,"exnihilosequentia:granite_pebble":558,"minecraft:carrot":7,"minecraft:redstone":300,"create:brass_casing":7,"exnihilosequentia:stone_pebble":904,"thermal:device_composter":2,"gtceu:crushed_copper_ore":969,"create:vertical_gearbox":4,"exnihilosequentia:mycelium_spores":4,"minecraft:beetroot_seeds":45,"minecraft:gold_ingot":24,"exnihilosequentia:dripstone_pebble":78,"exnihilosequentia:stone_barrel":2,"gtceu:firebricks":40,"gtceu:primitive_blast_furnace":1,"exnihilosequentia:basalt_pebble":84,"minecraft:fern":5,"minecraft:oak_log":1913,"create:crushing_wheel":3,"minecraft:apple":99,"gtceu:lp_steam_liquid_boiler":2,"minecraft:stone_pickaxe":1,"thermal:fluid_cell":10,"minecraft:sweet_berries":1,"thermal:strawberry_seeds":4,"minecraft:gravel":1562,"minecraft:spruce_sapling":5,"exnihilosequentia:oak_barrel":13,"create:gearbox":4,"minecraft:leather_helmet":1,"minecraft:slime_ball":107,"gtceu:crushed_iron_ore":777,"minecraft:polished_diorite":256,"minecraft:stone_axe":1,"minecraft:baked_potato":84,"gtceu:crushed_magnetite_ore":331,"minecraft:melon_seeds":60,"thermal:amaranth_seeds":3,"minecraft:hopper":4,"minecraft:ender_pearl":48,"minecraft:wheat":527,"createdieselgenerators:basin_lid":1,"create:mechanical_crafter":46,"gtceu:lp_steam_solid_boiler":1,"gtceu:solid_blast_furnace":2,"gtceu:large_farm":2,"gtceu:treated_wood_planks":26,"create:mechanical_press":3,"minecraft:bucket":3,"minecraft:cobblestone_slab":5,"thermal:spinach_seeds":5,"thermal:slime_mushroom_spores":37,"minecraft:furnace":5,"minecraft:stick":535,"minecraft:torch":14,"minecraft:diorite":855,"thermal:flax_seeds":51,"gtceu:gold_dust":24,"create:large_cogwheel":5,"minecraft:cactus":3,"minecraft:rotten_flesh":12,"thermal:corn_seeds":4,"gtceu:steel_firebox_casing":1,"colossalchests:colossal_chest_wood":1,"create:speedometer":2,"minecraft:cobblestone":1314,"exnihilosequentia:blackstone_pebble":88,"minecraft:andesite":963,"minecraft:potato":448,"exnihilosequentia:string_mesh":2,"minecraft:lapis_lazuli":24,"minecraft:dirt":370,"exnihilosequentia:fired_crucible":1,"minecraft:glass":24,"minecraft:wheat_seeds":142,"gtceu:nickel_ingot":31,"exnihilosequentia:grass_seeds":5,"minecraft:bamboo":1,"minecraft:oak_planks":8,"thermal:bell_pepper_seeds":5,"create:cogwheel":28,"exnihilosequentia:tuff_pebble":80,"minecraft:sand":823,"gtceu:treated_wood_frame":27,"gtceu:ulv_output_bus":3,"gtceu:copper_small_fluid_pipe":2,"minecraft:sugar":1024,"minecraft:clay":136,"minecraft:diamond":1,"thermal:device_tree_extractor":1,"minecraft:bone_meal":204,"minecraft:emerald":2,"minecraft:oak_sapling":922,"create:stressometer":1,"minecraft:oak_leaves":238,"functionalstorage:oak_1":3,"minecraft:cocoa_beans":1350,"minecraft:charcoal":221,"minecraft:diorite_slab":373,"minecraft:iron_axe":1,"minecraft:large_fern":6,"exnihilosequentia:dust":745,"gtceu:lv_output_bus":4,"create:chute":4,"functionalstorage:oak_4":2,"create:basin":2,"minecraft:sugar_cane":428,"minecraft:dark_oak_sapling":8,"minecraft:copper_ingot":413,"exnihilosequentia:diorite_pebble":454,"gtceu:crushed_tin_ore":390,"thermal:peanut_seeds":5,"exnihilosequentia:deepslate_pebble":68,"minecraft:gunpowder":2,"minecraft:cobblestone_stairs":1,"minecraft:rabbit_hide":3,"create:adjustable_chain_gearshift":10,"minecraft:iron_ingot":186,"thermal:tomato_seeds":7,"minecraft:acacia_sapling":3,"thermal:rice":10,"minecraft:oak_slab":13,"gtceu:lv_input_bus":1,"create:large_water_wheel":12,"minecraft:dandelion":37,"minecraft:quartz":9,"minecraft:amethyst_shard":3,"thermal:green_bean_seeds":3,"gtceu:red_alloy_ingot":6,"minecraft:white_bed":1,"minecraft:spider_eye":1,"thermal:rice_seeds":37,"minecraft:pumpkin_seeds":42,"create:encased_fan":5,"minecraft:cherry_sapling":6,"minecraft:sunflower":6},"minecraft:custom":{"minecraft:interact_with_crafting_table":389,"minecraft:leave_game":10,"minecraft:time_since_death":393891,"minecraft:play_time":1708399,"minecraft:deaths":24,"minecraft:jump":7874,"minecraft:interact_with_furnace":586,"minecraft:sleep_in_bed":29,"minecraft:damage_dealt":6994,"minecraft:inspect_hopper":26,"minecraft:sneak_time":61137,"minecraft:total_world_time":1708399,"minecraft:time_since_rest":32616,"minecraft:swim_one_cm":134893,"minecraft:fly_one_cm":912405,"minecraft:open_chest":590,"minecraft:fall_one_cm":204110,"minecraft:sprint_one_cm":2054758,"minecraft:drop":375,"minecraft:walk_on_water_one_cm":63036,"minecraft:crouch_one_cm":173087,"minecraft:mob_kills":49,"minecraft:interact_with_campfire":254,"minecraft:walk_one_cm":3558810,"minecraft:walk_under_water_one_cm":19179,"minecraft:damage_taken":8402},"minecraft:broken":{"minecraft:shears":1,"gtceu:iron_file":1,"exnihilosequentia:wooden_crook":2,"exnihilosequentia:stone_hammer":3,"gtceu:iron_mortar":3,"minecraft:leather_helmet":1,"minecraft:iron_axe":4,"minecraft:iron_pickaxe":1,"minecraft:stone_axe":6,"exnihilosequentia:iron_hammer":3,"create:sand_paper":1},"minecraft:killed_by":{"minecraft:zombie":4,"minecraft:slime":1,"minecraft:creeper":2,"minecraft:enderman":4},"minecraft:crafted":{"colossalchests:colossal_chest_wood":1,"gtceu:vacuum_tube":2,"gtceu:steel_plate":151,"gtceu:wrought_iron_bolt":4,"pipez:item_pipe":48,"gtceu:treated_wood_planks":138,"minecraft:polished_blackstone_slab":36,"kubejs:meshblock":9,"minecraft:lever":5,"exnihilosequentia:unfired_crucible":1,"gtceu:brick_wooden_form":1,"gtceu:tin_ingot":16,"gtceu:basic_electronic_circuit":1,"gtceu:large_farm":4,"gtceu:bronze_small_fluid_pipe":12,"exnihilosequentia:stone_barrel":1,"minecraft:granite":93,"create:vertical_gearbox":11,"gtceu:solid_blast_furnace":1,"create:mechanical_press":2,"gtceu:bronze_rod":8,"gtceu:lv_machine_casing":6,"minecraft:polished_blackstone":20,"gtceu:treated_wood_boat":11,"thermal:fluid_cell_frame":4,"create:cogwheel":128,"gtceu:resin_printed_circuit_board":1,"toms_storage:ts.crafting_terminal":1,"gtceu:lp_steam_macerator":1,"gtceu:bronze_normal_fluid_pipe":8,"gtceu:bronze_dust":100,"create:rose_quartz":12,"gtceu:fine_copper_wire":2,"farmersdelight:iron_knife":1,"create:adjustable_chain_gearshift":5,"exnihilosequentia:fired_crucible":1,"minecraft:clock":3,"minecraft:copper_ingot":64,"minecraft:campfire":3,"create:encased_chain_drive":10,"create:mechanical_mixer":1,"gtceu:copper_single_wire":14,"create:gearbox":17,"create:encased_fan":1,"gtceu:copper_foil":4,"thermal:redstone_servo":2,"minecraft:stone_slab":6,"minecraft:compass":2,"minecraft:iron_pickaxe":3,"minecraft:iron_block":2,"create:large_cogwheel":2,"createdieselgenerators:diesel_engine":12,"create:propeller":1,"woodenbucket:wooden_bucket":2,"minecraft:composter":3,"gtceu:empty_wooden_form":1,"gtceu:brick_dust":132,"gtceu:small_iron_gear":8,"gtceu:copper_tiny_fluid_pipe":10,"minecraft:iron_nugget":144,"gtceu:steel_bolt":8,"gtceu:iron_screwdriver":1,"exnihilosequentia:porcelain_clay":7,"gtceu:solid_machine_casing":22,"gtceu:zinc_ingot":52,"gtceu:iron_hammer":3,"gtceu:red_alloy_single_wire":21,"gtceu:ulv_input_bus":5,"gtceu:wrought_iron_screw":2,"gtceu:firebrick":264,"thermal:rice":1,"gtceu:ulv_input_hatch":1,"gtceu:treated_wood_rod":596,"thermal:device_composter":1,"minecraft:polished_diorite":256,"gtceu:iron_rod":49,"gtceu:iron_file":5,"minecraft:stone_pickaxe":5,"toms_storage:ts.inventory_connector":1,"create:electron_tube":12,"minecraft:wheat":603,"gtceu:lv_output_bus":4,"gtceu:bronze_frame":2,"komarumod:komaru_powder":1,"gtceu:iron_mortar":4,"functionalstorage:oak_4":4,"create:goggles":1,"gtceu:sulfur_dust":30,"functionalstorage:oak_2":2,"minecraft:glowstone":1,"gtceu:brass_block":12,"create:speedometer":2,"minecraft:cobblestone":97,"gtceu:lp_steam_compressor":1,"minecraft:flint":8,"minecraft:blackstone":22,"thermal:device_tree_extractor":1,"thermal:rice_block":1,"minecraft:white_bed":4,"create:shaft":208,"exnihilosequentia:string_mesh":72,"minecraft:brick":544,"createdieselgenerators:large_diesel_engine":12,"gtceu:wrought_iron_rod":5,"minecraft:oak_planks":2412,"minecraft:cobblestone_slab":2,"minecraft:barrel":55,"gtceu:lv_machine_hull":6,"gtceu:iron_saw":2,"minecraft:stone":32,"gtceu:glass_tube":2,"pipez:fluid_pipe":24,"gtceu:zinc_nugget":18,"colossalchests:chest_wall_wood":98,"minecraft:hopper":8,"gtceu:quartz_sand_dust":12,"gtceu:treated_wood_frame":126,"gtceu:clay_dust":132,"toms_storage:ts.storage_terminal":1,"minecraft:comparator":3,"minecraft:chest":48,"gtceu:ulv_output_bus":4,"minecraft:bricks":152,"gtceu:brass_screw":55,"gtceu:bronze_pipe_casing":4,"gtceu:bronze_machine_casing":6,"minecraft:polished_diorite_slab":702,"farmersdelight:stove":1,"minecraft:oak_slab":258,"create:depot":4,"minecraft:crafting_table":14,"minecraft:baked_potato":242,"gtceu:steel_frame":16,"create:fluid_pipe":36,"gtceu:primitive_blast_furnace":1,"gtceu:iron_screw":21,"gtceu:ulv_machine_casing":9,"createdieselgenerators:engine_piston":24,"create:sand_paper":2,"gtceu:wood_plate":20,"minecraft:diorite":61,"create:stressometer":1,"minecraft:paper":9,"minecraft:charcoal":780,"exnihilosequentia:stone_hammer":5,"create:water_wheel":7,"gtceu:sticky_resin":16,"gtceu:brass_dust":63,"kubejs:wood_casing":26,"minecraft:stick":24,"create:mechanical_pump":5,"gtceu:brass_bolt":57,"minecraft:iron_ingot":557,"create:clipboard":1,"minecraft:redstone_torch":9,"gtceu:iron_wire_cutter":1,"minecraft:shears":1,"gtceu:steel_firebox_casing":10,"gtceu:steel_rod":91,"create:chute":4,"minecraft:coarse_dirt":32,"gtceu:lp_steam_liquid_boiler":1,"exnihilosequentia:oak_crucible":1,"gtceu:lv_input_bus":1,"gtceu:resistor":2,"gtceu:ulv_machine_hull":9,"gtceu:zinc_dust":59,"gtceu:lv_kinetic_input_box":1,"gtceu:iron_wrench":1,"minecraft:furnace":4,"minecraft:piston":4,"minecraft:glass_pane":12,"exnihilosequentia:oak_sieve":23,"minecraft:flint_and_steel":13,"gtceu:tin_single_wire":12,"gtceu:iron_bolt":42,"gtceu:compressed_fireclay":201,"createdieselgenerators:basin_lid":2,"gtceu:steel_screw":2,"minecraft:iron_axe":6,"minecraft:iron_hoe":1,"minecraft:slime_ball":16,"create:millstone":1,"create:fluid_tank":52,"gtceu:bronze_ingot":12,"exnihilosequentia:iron_hammer":3,"create:basin":4,"trashcans:item_trash_can":1,"exnihilosequentia:wooden_crook":6,"gtceu:flint_dust":3,"functionalstorage:oak_1":8,"gtceu:iron_gear":2,"gtceu:kinetic_ore_factory":1,"create:andesite_alloy":105,"exnihilosequentia:oak_barrel":44,"gtceu:resin_circuit_board":2,"gtceu:copper_dust":12,"gtceu:glass_dust":24,"gtceu:copper_small_fluid_pipe":9,"gtceu:red_alloy_single_cable":21,"create:large_water_wheel":7,"gtceu:tin_small_item_pipe":18,"minecraft:bucket":3,"minecraft:stone_axe":10,"minecraft:air":3446,"gtceu:tin_dust":4,"gtceu:lp_steam_solid_boiler":1,"gtceu:tin_single_cable":12,"minecraft:white_wool":12,"gtceu:firebricks":66,"create:whisk":1,"gtceu:bronze_brick_casing":1,"minecraft:white_dye":1,"gtceu:charcoal_dust":1,"create:mechanical_crafter":21,"gtceu:brass_rod":58,"create:mechanical_drill":1,"minecraft:andesite":62,"gtceu:wood_crate":5,"minecraft:diorite_slab":6,"minecraft:torch":20,"thermal:rubber":41,"minecraft:granite_slab":54,"gtceu:tiny_flint_dust":27,"minecraft:clay":73,"gtceu:fireclay_dust":133},"minecraft:used":{"trashcans:item_trash_can":1,"minecraft:chest":17,"gtceu:firebricks":100,"gtceu:treated_wood_planks":78,"create:fluid_tank":12,"create:mechanical_crafter":46,"create:depot":3,"gtceu:iron_wrench":2,"minecraft:jungle_sapling":2,"minecraft:lava_bucket":14,"gtceu:ulv_input_hatch":3,"create:shaft":48,"minecraft:furnace":4,"minecraft:oak_sapling":299,"minecraft:potato":15,"gtceu:solid_blast_furnace":3,"gtceu:solid_machine_casing":22,"toms_storage:ts.inventory_connector":2,"minecraft:composter":5,"exnihilosequentia:oak_sieve":28,"exnihilosequentia:stone_barrel":3,"minecraft:clay":87,"minecraft:oak_leaves":238,"minecraft:sand":176,"gtceu:lv_output_bus":8,"gtceu:kinetic_ore_factory":5,"gtceu:lp_steam_compressor":1,"create:adjustable_chain_gearshift":11,"create:basin":6,"gtceu:ulv_input_bus":9,"minecraft:diorite_slab":297,"komarumod:komaru_spawn_egg":1,"gtceu:treated_wood_frame":107,"minecraft:torch":30,"gtceu:steel_firebox_casing":10,"toms_storage:ts.crafting_terminal":1,"exnihilosequentia:grass_seeds":17,"create:gearbox":10,"minecraft:iron_axe":1391,"minecraft:jungle_log":1,"create:encased_chain_drive":10,"create:fluid_pipe":28,"minecraft:wheat_seeds":24,"minecraft:water_bucket":33,"thermal:rice_seeds":10,"gtceu:lp_steam_liquid_boiler":2,"create:encased_fan":6,"minecraft:oak_slab":21,"minecraft:crafting_table":6,"minecraft:campfire":2,"minecraft:white_bed":5,"minecraft:oak_log":60,"exnihilosequentia:oak_barrel":19,"minecraft:iron_pickaxe":282,"minecraft:leather_helmet":2,"gtceu:lv_input_bus":2,"minecraft:cobblestone":490,"farmersdelight:stove":1,"gtceu:bronze_machine_casing":4,"toms_storage:ts.storage_terminal":6,"functionalstorage:oak_2":6,"create:cogwheel":139,"exnihilosequentia:oak_crucible":2,"gtceu:ulv_output_bus":5,"create:speedometer":3,"gtceu:primitive_blast_furnace":1,"create:millstone":1,"thermal:device_composter":2,"createdieselgenerators:biodiesel_bucket":3,"gtceu:lv_kinetic_input_box":3,"pipez:item_pipe":52,"create:mechanical_drill":2,"createdieselgenerators:large_diesel_engine":20,"gtceu:lp_steam_solid_boiler":2,"create:crushing_wheel":3,"minecraft:stone_pickaxe":208,"minecraft:oak_planks":7,"minecraft:polished_diorite_slab":15,"minecraft:sugar_cane":4,"colossalchests:chest_wall_wood":199,"minecraft:shears":238,"gtceu:lp_steam_macerator":1,"minecraft:lever":7,"thermal:device_tree_extractor":2,"minecraft:string":23,"create:andesite_casing":3,"minecraft:gravel":218,"exnihilosequentia:dust":2,"minecraft:granite_slab":162,"gtceu:lv_machine_hull":1,"exnihilosequentia:andesite_hammer":180,"exnihilosequentia:stone_hammer":1145,"functionalstorage:oak_1":11,"create:stressometer":2,"exnihilosequentia:silkworm":4,"create:vertical_gearbox":13,"gtceu:copper_small_fluid_pipe":4,"minecraft:bone_meal":64,"create:large_cogwheel":3,"create:clipboard":1,"create:mechanical_pump":6,"minecraft:dirt":229,"create:mechanical_mixer":1,"minecraft:hopper":12,"gtceu:bronze_pipe_casing":4,"create:chute":7,"minecraft:iron_hoe":25,"gtceu:large_farm":6,"exnihilosequentia:wooden_crook":537,"thermal:fluid_cell":10,"pipez:fluid_pipe":23,"exnihilosequentia:fired_crucible":2,"minecraft:baked_potato":104,"minecraft:cobblestone_slab":12,"thermal:fluid_cell_frame":4,"exnihilosequentia:iron_hammer":1716,"minecraft:apple":1,"functionalstorage:oak_4":3,"create:mechanical_press":5,"create:large_water_wheel":12,"colossalchests:colossal_chest_wood":2,"minecraft:stone_axe":951,"createdieselgenerators:basin_lid":3,"minecraft:bucket":139},"minecraft:killed":{"minecraft:zombie":4,"minecraft:husk":13,"minecraft:enderman":7,"minecraft:spider":5,"minecraft:creeper":1,"minecraft:slime":12,"minecraft:bat":1},"minecraft:mined":{"minecraft:polished_granite_slab":98,"minecraft:white_bed":1,"create:andesite_casing":56,"exnihilosequentia:oak_sieve":5,"minecraft:jungle_log":8,"minecraft:hopper":4,"create:speedometer":2,"pipez:fluid_pipe":8,"minecraft:granite_slab":5,"toms_storage:ts.inventory_connector":2,"gtceu:kinetic_ore_factory":4,"colossalchests:chest_wall_wood":102,"create:mechanical_press":3,"minecraft:tripwire":23,"create:cogwheel":28,"minecraft:torch":6,"gtceu:steel_firebox_casing":1,"minecraft:polished_diorite_slab":22,"minecraft:sugar_cane":51,"create:basin":2,"minecraft:wheat":8,"minecraft:grass":573,"create:stressometer":1,"gtceu:primitive_blast_furnace":1,"gtceu:lp_steam_liquid_boiler":2,"gtceu:lv_kinetic_input_box":2,"gtceu:lv_input_bus":1,"gtceu:lv_output_bus":4,"functionalstorage:oak_1":3,"colossalchests:colossal_chest_wood":1,"create:encased_fan":5,"gtceu:solid_blast_furnace":2,"gtceu:firebricks":40,"create:shaft":23,"createdieselgenerators:basin_lid":1,"gtceu:copper_small_fluid_pipe":2,"create:chute":4,"minecraft:oak_slab":10,"minecraft:dandelion":37,"create:fluid_pipe":6,"exnihilosequentia:fired_crucible":1,"minecraft:tall_grass":130,"thermal:rice":10,"create:water_wheel_structure":7,"gtceu:lv_machine_hull":1,"create:gearbox":8,"create:crushing_wheel":1,"create:mechanical_drill":2,"minecraft:gravel":824,"minecraft:oak_sapling":1,"minecraft:farmland":8,"gtceu:large_farm":2,"minecraft:cobblestone_stairs":1,"gtceu:lp_steam_solid_boiler":1,"minecraft:grass_block":3,"minecraft:composter":3,"toms_storage:ts.storage_terminal":6,"createdieselgenerators:large_diesel_engine":8,"exnihilosequentia:oak_barrel":13,"gtceu:treated_wood_frame":27,"gtceu:ulv_input_hatch":2,"create:adjustable_chain_gearshift":10,"minecraft:clay":213,"minecraft:poppy":53,"minecraft:chest":4,"create:brass_casing":7,"minecraft:cobblestone":1495,"minecraft:oak_planks":8,"minecraft:wall_torch":4,"create:large_water_wheel":5,"gtceu:ulv_input_bus":4,"exnihilosequentia:oak_crucible":1,"minecraft:oak_log":1852,"minecraft:sand":745,"minecraft:dirt":107,"create:encased_chain_drive":9,"minecraft:oak_leaves":503,"exnihilosequentia:infested_leaves":421,"functionalstorage:oak_2":4,"gtceu:ulv_output_bus":3,"gravestone:gravestone":25,"create:large_cogwheel":5,"create:depot":1,"thermal:device_composter":2,"minecraft:diorite_slab":108,"minecraft:furnace":5,"functionalstorage:oak_4":2,"thermal:device_tree_extractor":1,"gtceu:treated_wood_planks":26,"exnihilosequentia:dust":2,"pipez:item_pipe":17,"minecraft:crafting_table":4,"exnihilosequentia:stone_barrel":2,"exnihilosequentia:infesting_leaves":5,"gtceu:solid_machine_casing":1,"create:mechanical_crafter":46,"thermal:fluid_cell":10}},"DataVersion":3465}