{"stats":{"minecraft:crafted":{"minecraft:coarse_dirt":32,"exnihilosequentia:oak_crucible":1,"minecraft:oak_planks":904,"colossalchests:colossal_chest_wood":1,"minecraft:cobblestone_slab":2,"minecraft:iron_nugget":45,"exnihilosequentia:porcelain_clay":7,"minecraft:furnace":3,"gtceu:iron_hammer":1,"minecraft:stone":15,"exnihilosequentia:unfired_crucible":1,"exnihilosequentia:oak_sieve":23,"colossalchests:chest_wall_wood":98,"minecraft:granite":93,"gtceu:quartz_sand_dust":3,"create:mechanical_press":1,"toms_storage:ts.storage_terminal":1,"minecraft:comparator":3,"minecraft:stone_pickaxe":5,"minecraft:chest":7,"toms_storage:ts.inventory_connector":1,"exnihilosequentia:wooden_crook":6,"gtceu:flint_dust":3,"minecraft:oak_slab":18,"create:andesite_alloy":9,"exnihilosequentia:oak_barrel":3,"minecraft:crafting_table":3,"gtceu:glass_dust":3,"gtceu:iron_mortar":1,"exnihilosequentia:fired_crucible":1,"minecraft:campfire":2,"minecraft:stone_axe":9,"minecraft:glowstone":1,"minecraft:diorite":61,"minecraft:air":1349,"minecraft:white_wool":12,"minecraft:cobblestone":97,"minecraft:charcoal":25,"exnihilosequentia:stone_hammer":1,"minecraft:stick":24,"minecraft:flint":3,"minecraft:iron_ingot":35,"minecraft:iron_block":1,"create:shaft":8,"woodenbucket:wooden_bucket":2,"minecraft:white_bed":4,"minecraft:redstone_torch":9,"minecraft:andesite":62,"minecraft:torch":4,"minecraft:diorite_slab":6,"minecraft:granite_slab":54,"minecraft:shears":1,"gtceu:tiny_flint_dust":9,"exnihilosequentia:string_mesh":27},"minecraft:mined":{"minecraft:white_bed":1,"minecraft:oak_sapling":1,"create:andesite_casing":25,"gravestone:gravestone":4,"exnihilosequentia:oak_sieve":5,"minecraft:grass_block":3,"colossalchests:colossal_chest_wood":1,"minecraft:diorite_slab":6,"minecraft:furnace":2,"toms_storage:ts.storage_terminal":5,"minecraft:granite_slab":5,"exnihilosequentia:oak_barrel":3,"toms_storage:ts.inventory_connector":2,"colossalchests:chest_wall_wood":102,"minecraft:tripwire":23,"minecraft:clay":4,"minecraft:crafting_table":2,"minecraft:chest":4,"exnihilosequentia:infesting_leaves":5,"minecraft:polished_diorite_slab":5,"exnihilosequentia:fired_crucible":1,"minecraft:cobblestone":336,"exnihilosequentia:oak_crucible":1,"minecraft:oak_log":720,"minecraft:dirt":7,"minecraft:gravel":68,"minecraft:sand":32,"minecraft:oak_leaves":356,"exnihilosequentia:infested_leaves":421},"minecraft:dropped":{"minecraft:iron_ingot":5,"exnihilosequentia:mycelium_spores":2,"minecraft:oak_slab":6,"exnihilosequentia:granite_pebble":229,"minecraft:wheat_seeds":1,"exnihilosequentia:crushed_diorite":10,"minecraft:lapis_lazuli":24,"minecraft:oak_log":26,"exnihilosequentia:diorite_pebble":124,"minecraft:ender_pearl":2,"minecraft:crafting_table":3,"minecraft:cobblestone":1308,"gtceu:crushed_iron_ore":42,"minecraft:apple":22,"gtceu:flint_dust":2,"minecraft:granite":64,"gtceu:crushed_magnetite_ore":22,"gtceu:crushed_tin_ore":15,"exnihilosequentia:andesite_pebble":62,"minecraft:emerald":2,"minecraft:stick":62,"thermal:flax_seeds":1,"minecraft:dirt":3,"minecraft:diorite":9,"exnihilosequentia:blackstone_pebble":2,"exnihilosequentia:dust":1,"minecraft:amethyst_shard":3,"minecraft:granite_slab":81,"gtceu:tiny_flint_dust":6,"minecraft:mud":2,"minecraft:cactus":1,"minecraft:string":905,"minecraft:diorite_slab":263,"minecraft:redstone":3,"minecraft:gravel":79,"minecraft:furnace":2,"exnihilosequentia:deepslate_pebble":2,"gtceu:tiny_sulfur_dust":6,"minecraft:glowstone_dust":6,"exnihilosequentia:silkworm":344,"gtceu:crushed_copper_ore":94,"minecraft:pumpkin_seeds":1,"gtceu:crushed_sphalerite_ore":19,"woodenbucket:wooden_bucket":1,"exnihilosequentia:crushed_andesite":13,"minecraft:stone":1,"exnihilosequentia:calcite_pebble":1,"exnihilosequentia:crushed_granite":1,"minecraft:charcoal":1,"minecraft:andesite":1199,"minecraft:melon_seeds":1,"minecraft:chest":4,"minecraft:oak_sapling":70,"exnihilosequentia:stone_pebble":73,"minecraft:spider_eye":1,"exnihilosequentia:dripstone_pebble":1,"exnihilosequentia:wooden_crook":2,"minecraft:stone_pickaxe":5,"minecraft:glass":2,"minecraft:quartz":6,"kubejs:coin":39},"minecraft:picked_up":{"minecraft:mud":2,"minecraft:crafting_table":2,"minecraft:clay_ball":16,"exnihilosequentia:oak_crucible":1,"gtceu:tiny_sulfur_dust":6,"toms_storage:ts.storage_terminal":5,"minecraft:diorite_slab":244,"exnihilosequentia:andesite_pebble":359,"gtceu:crushed_sphalerite_ore":57,"minecraft:string":1120,"exnihilosequentia:dust":32,"exnihilosequentia:oak_sieve":5,"colossalchests:chest_wall_wood":102,"minecraft:chest":4,"minecraft:furnace":2,"minecraft:stick":219,"create:andesite_casing":25,"exnihilosequentia:diorite_pebble":367,"minecraft:diorite":543,"exnihilosequentia:granite_pebble":494,"minecraft:redstone":12,"exnihilosequentia:stone_pebble":502,"gtceu:crushed_copper_ore":194,"gtceu:crushed_tin_ore":61,"exnihilosequentia:wooden_crook":1,"toms_storage:ts.inventory_connector":2,"colossalchests:colossal_chest_wood":1,"minecraft:cobblestone":863,"minecraft:polished_diorite_slab":6,"minecraft:andesite":579,"exnihilosequentia:string_mesh":2,"minecraft:oak_log":743,"minecraft:lapis_lazuli":24,"minecraft:dirt":260,"exnihilosequentia:fired_crucible":1,"minecraft:glass":3,"minecraft:apple":49,"minecraft:stone_pickaxe":1,"minecraft:glowstone_dust":10,"minecraft:quartz":9,"minecraft:gravel":368,"minecraft:sand":67,"minecraft:amethyst_shard":3,"minecraft:granite_slab":18,"minecraft:white_bed":1,"exnihilosequentia:silkworm":394,"exnihilosequentia:oak_barrel":3,"minecraft:polished_diorite":256,"gtceu:crushed_iron_ore":122,"minecraft:diamond":1,"minecraft:stone_axe":1,"minecraft:granite":640,"minecraft:bone_meal":12,"minecraft:emerald":2,"gtceu:crushed_magnetite_ore":64,"minecraft:oak_sapling":392,"minecraft:oak_leaves":238,"minecraft:ender_pearl":3},"minecraft:custom":{"minecraft:interact_with_crafting_table":142,"minecraft:interact_with_campfire":3,"minecraft:leave_game":3,"minecraft:time_since_death":26576,"minecraft:sprint_one_cm":105306,"minecraft:walk_one_cm":833767,"minecraft:drop":180,"minecraft:play_time":309522,"minecraft:deaths":4,"minecraft:sneak_time":25966,"minecraft:walk_under_water_one_cm":12158,"minecraft:jump":1117,"minecraft:walk_on_water_one_cm":10816,"minecraft:total_world_time":309522,"minecraft:interact_with_furnace":61,"minecraft:sleep_in_bed":21,"minecraft:time_since_rest":999,"minecraft:damage_taken":1000,"minecraft:damage_dealt":10,"minecraft:swim_one_cm":124144,"minecraft:fly_one_cm":35016,"minecraft:open_chest":362,"minecraft:crouch_one_cm":62755,"minecraft:fall_one_cm":10789},"minecraft:broken":{"minecraft:shears":1,"exnihilosequentia:wooden_crook":2,"minecraft:stone_axe":5},"minecraft:used":{"minecraft:chest":8,"toms_storage:ts.storage_terminal":6,"minecraft:torch":1,"minecraft:dirt":136,"exnihilosequentia:oak_crucible":2,"exnihilosequentia:wooden_crook":537,"minecraft:oak_sapling":126,"minecraft:furnace":4,"exnihilosequentia:fired_crucible":2,"minecraft:stone_pickaxe":61,"toms_storage:ts.inventory_connector":2,"minecraft:polished_diorite_slab":6,"exnihilosequentia:oak_sieve":28,"minecraft:clay":4,"minecraft:cobblestone_slab":12,"colossalchests:chest_wall_wood":199,"minecraft:oak_leaves":238,"minecraft:sand":32,"minecraft:crafting_table":3,"minecraft:white_bed":5,"minecraft:campfire":2,"minecraft:shears":238,"minecraft:oak_log":25,"minecraft:apple":1,"exnihilosequentia:oak_barrel":5,"minecraft:string":23,"minecraft:gravel":68,"colossalchests:colossal_chest_wood":2,"minecraft:stone_axe":825,"minecraft:granite_slab":162,"exnihilosequentia:andesite_hammer":180,"minecraft:cobblestone":336,"exnihilosequentia:stone_hammer":238,"exnihilosequentia:silkworm":4,"minecraft:diorite_slab":59}},"DataVersion":3465}