{"stats":{"minecraft:custom":{"minecraft:interact_with_crafting_table":396,"minecraft:leave_game":16,"minecraft:time_since_death":99320,"minecraft:play_time":2889757,"minecraft:deaths":29,"minecraft:jump":14532,"minecraft:interact_with_furnace":601,"minecraft:sleep_in_bed":31,"minecraft:damage_dealt":9036,"minecraft:inspect_hopper":37,"minecraft:sneak_time":80859,"minecraft:total_world_time":2889757,"minecraft:time_since_rest":15593,"minecraft:swim_one_cm":134893,"minecraft:fly_one_cm":2049099,"minecraft:open_chest":740,"minecraft:fall_one_cm":340097,"minecraft:sprint_one_cm":4180120,"minecraft:drop":429,"minecraft:walk_on_water_one_cm":183268,"minecraft:crouch_one_cm":244467,"minecraft:mob_kills":116,"minecraft:interact_with_campfire":542,"minecraft:climb_one_cm":1619,"minecraft:walk_one_cm":5052233,"minecraft:walk_under_water_one_cm":19589,"minecraft:damage_taken":13135},"minecraft:killed":{"minecraft:zombie":4,"minecraft:husk":14,"minecraft:enderman":7,"minecraft:spider":6,"minecraft:creeper":2,"minecraft:slime":72,"minecraft:bat":1},"minecraft:mined":{"minecraft:polished_granite_slab":281,"thermal:device_water_gen":2,"minecraft:white_bed":1,"create:andesite_casing":60,"minecraft:jungle_leaves":2,"exnihilosequentia:oak_sieve":5,"minecraft:jungle_log":13,"minecraft:hopper":8,"minecraft:magma_block":1,"create:speedometer":2,"pipez:fluid_pipe":9,"minecraft:granite_slab":5,"gtceu:kinetic_ore_factory":4,"toms_storage:ts.inventory_connector":2,"colossalchests:chest_wall_wood":102,"create:mechanical_press":4,"minecraft:tripwire":23,"create:cogwheel":32,"gtceu:lv_forge_hammer":2,"minecraft:torch":11,"gtceu:steel_firebox_casing":1,"minecraft:polished_diorite_slab":74,"minecraft:sugar_cane":51,"create:basin":2,"create:portable_storage_interface":2,"minecraft:wheat":8,"minecraft:grass":573,"create:hand_crank":2,"create:stressometer":1,"gtceu:primitive_blast_furnace":1,"create:linear_chassis":15,"gtceu:lp_steam_liquid_boiler":2,"gtceu:lv_kinetic_input_box":4,"gtceu:lv_input_bus":1,"gtceu:wood_drum":10,"gtceu:lv_output_bus":4,"gtceu:large_barrel":1,"create:fluid_tank":2,"gtceu:lv_4a_energy_converter":2,"functionalstorage:oak_1":3,"colossalchests:colossal_chest_wood":1,"create:encased_fan":10,"gtceu:solid_blast_furnace":2,"gtceu:firebricks":40,"create:shaft":29,"kubejs:wood_casing":8,"createdieselgenerators:basin_lid":1,"create_new_age:layered_magnet":24,"gtceu:copper_small_fluid_pipe":2,"minecraft:vine":5,"create:chute":5,"create:deployer":3,"minecraft:oak_slab":10,"minecraft:dandelion":37,"create:fluid_pipe":20,"create:mechanical_pump":2,"create:water_wheel":2,"exnihilosequentia:fired_crucible":1,"minecraft:tall_grass":130,"thermal:rice":10,"create:mechanical_saw":4,"create:water_wheel_structure":7,"gtceu:lv_machine_hull":1,"create:gearbox":9,"create:crushing_wheel":1,"create:mechanical_drill":2,"minecraft:gravel":824,"kubejs:meshblock":1,"minecraft:oak_sapling":1,"minecraft:farmland":8,"gtceu:large_farm":2,"minecraft:cobblestone_stairs":1,"gtceu:tin_single_wire":5,"gtceu:lp_steam_solid_boiler":1,"minecraft:grass_block":3,"gtceu:soul_infused_single_wire":1,"minecraft:composter":4,"create_new_age:electrical_connector":2,"toms_storage:ts.storage_terminal":6,"createdieselgenerators:large_diesel_engine":9,"exnihilosequentia:oak_barrel":22,"gtceu:kinetic_sieve":1,"gtceu:lv_wiremill":1,"gtceu:treated_wood_frame":29,"createdieselgenerators:huge_diesel_engine":2,"create:radial_chassis":1,"gtceu:ulv_input_hatch":2,"minecraft:blackstone":2,"create:adjustable_chain_gearshift":10,"minecraft:clay":213,"minecraft:poppy":53,"minecraft:chest":14,"create:brass_casing":7,"minecraft:cobblestone":1496,"minecraft:oak_planks":11,"minecraft:wall_torch":6,"create:large_water_wheel":5,"gtceu:ulv_input_bus":5,"exnihilosequentia:oak_crucible":3,"minecraft:oak_log":1987,"minecraft:sand":745,"minecraft:dirt":121,"create:encased_chain_drive":10,"minecraft:oak_leaves":506,"exnihilosequentia:infested_leaves":421,"create_new_age:energiser_t1":1,"functionalstorage:oak_2":4,"gtceu:ulv_output_bus":3,"gravestone:gravestone":30,"create:large_cogwheel":5,"create:depot":7,"minecraft:soul_campfire":1,"thermal:device_composter":2,"minecraft:diorite_slab":128,"minecraft:furnace":13,"functionalstorage:oak_4":2,"thermal:device_tree_extractor":1,"gtceu:ulv_output_hatch":1,"gtceu:treated_wood_planks":37,"gtceu:lv_electrolyzer":2,"exnihilosequentia:dust":2,"pipez:item_pipe":19,"minecraft:crafting_table":4,"exnihilosequentia:stone_barrel":2,"create_new_age:redstone_magnet":27,"exnihilosequentia:infesting_leaves":5,"gtceu:solid_machine_casing":1,"create_new_age:generator_coil":1,"create:mechanical_crafter":46,"gtceu:lv_input_hatch":1,"thermal:fluid_cell":31},"minecraft:picked_up":{"gtceu:tiny_sulfur_dust":557,"exnihilosequentia:oak_crucible":3,"gtceu:sticky_resin":25,"exnihilosequentia:andesite_pebble":437,"minecraft:string":1128,"minecraft:soul_soil":1,"thermal:barley_seeds":7,"create:water_wheel":2,"exnihilosequentia:oak_sieve":5,"create_new_age:copper_wire":10,"minecraft:composter":4,"thermal:sadiroot_seeds":2,"create:andesite_casing":60,"gtceu:crushed_cassiterite_ore":237,"create_new_age:generator_coil":1,"exnihilosequentia:wooden_crook":1,"toms_storage:ts.inventory_connector":2,"gtceu:lv_machine_hull":1,"thermal:radish_seeds":5,"gtceu:kinetic_sieve":1,"minecraft:magma_block":1,"minecraft:polished_diorite_slab":79,"minecraft:jungle_log":13,"minecraft:flint":12,"gtceu:crushed_chalcopyrite_ore":243,"gtceu:copper_plate":1,"create:encased_chain_drive":10,"pipez:fluid_pipe":9,"create:mechanical_drill":2,"gtceu:iron_mortar":1,"create:goggles":1,"create:shaft":29,"minecraft:rabbit":7,"gtceu:crushed_ruby_ore":79,"minecraft:glowstone_dust":792,"gtceu:ulv_input_hatch":2,"minecraft:granite_slab":18,"thermal:onion_seeds":3,"exnihilosequentia:silkworm":394,"gtceu:wood_drum":10,"minecraft:iron_hoe":1,"thermal:rubber":51,"minecraft:lever":8,"minecraft:polished_granite_slab":153,"createdieselgenerators:large_diesel_engine":9,"thermal:eggplant_seeds":6,"gtceu:crushed_quartzite_ore":74,"minecraft:granite":1024,"gtceu:crushed_rock_salt_ore":81,"gtceu:ulv_input_bus":5,"minecraft:mud":2,"minecraft:crafting_table":4,"gtceu:sulfur_dust":32,"gtceu:wrought_iron_ingot":878,"gtceu:tin_ingot":96,"minecraft:clay_ball":893,"functionalstorage:oak_2":4,"toms_storage:ts.storage_terminal":6,"exnihilosequentia:calcite_pebble":69,"gravestone:obituary":1,"gtceu:crushed_sphalerite_ore":714,"create_new_age:layered_magnet":24,"create:fluid_pipe":20,"gtceu:lv_kinetic_input_box":4,"gtceu:solid_machine_casing":1,"minecraft:jungle_sapling":7,"minecraft:poppy":53,"colossalchests:chest_wall_wood":102,"minecraft:chest":14,"minecraft:birch_sapling":8,"gtceu:kinetic_ore_factory":4,"pipez:item_pipe":19,"exnihilosequentia:granite_pebble":558,"minecraft:carrot":7,"minecraft:redstone":783,"create:brass_casing":7,"exnihilosequentia:stone_pebble":904,"thermal:device_composter":2,"gtceu:crushed_copper_ore":1983,"create:vertical_gearbox":4,"exnihilosequentia:mycelium_spores":6,"minecraft:beetroot_seeds":45,"create:depot":7,"create_new_age:energiser_t1":1,"minecraft:gold_ingot":24,"exnihilosequentia:dripstone_pebble":78,"exnihilosequentia:stone_barrel":2,"gtceu:firebricks":40,"gtceu:primitive_blast_furnace":1,"exnihilosequentia:basalt_pebble":84,"minecraft:fern":5,"minecraft:oak_log":2049,"gtceu:iron_hammer":1,"kubejs:meshblock":1,"create:crushing_wheel":3,"minecraft:apple":104,"createdieselgenerators:huge_diesel_engine":2,"gtceu:lp_steam_liquid_boiler":2,"minecraft:stone_pickaxe":1,"gtceu:crushed_silver_ore":93,"gtceu:crushed_emerald_ore":31,"create:mechanical_saw":4,"thermal:fluid_cell":31,"minecraft:sweet_berries":1,"thermal:strawberry_seeds":4,"minecraft:gravel":2267,"minecraft:spruce_sapling":5,"exnihilosequentia:oak_barrel":22,"create:gearbox":5,"minecraft:leather_helmet":1,"minecraft:slime_ball":229,"gtceu:soul_infused_single_wire":1,"gtceu:crushed_iron_ore":1522,"minecraft:polished_diorite":256,"minecraft:stone_axe":1,"create:mechanical_pump":2,"create:rose_quartz":2,"create:portable_storage_interface":1,"gtceu:crushed_magnetite_ore":770,"minecraft:baked_potato":84,"minecraft:melon_seeds":60,"thermal:amaranth_seeds":3,"minecraft:hopper":8,"minecraft:ender_pearl":111,"minecraft:wheat":527,"createdieselgenerators:basin_lid":1,"create:mechanical_crafter":46,"gtceu:lp_steam_solid_boiler":1,"gtceu:solid_blast_furnace":2,"gtceu:large_farm":2,"gtceu:treated_wood_planks":37,"create:mechanical_press":4,"minecraft:bucket":4,"minecraft:cobblestone_slab":5,"create_new_age:electrical_connector":2,"thermal:spinach_seeds":5,"minecraft:furnace":13,"thermal:slime_mushroom_spores":37,"gtceu:lv_4a_energy_converter":2,"create_new_age:redstone_magnet":27,"minecraft:stick":559,"minecraft:torch":23,"gtceu:lv_electrolyzer":2,"minecraft:diorite":855,"thermal:flax_seeds":51,"gtceu:gold_dust":24,"create:large_cogwheel":5,"minecraft:cactus":3,"minecraft:rotten_flesh":12,"thermal:corn_seeds":4,"gtceu:steel_firebox_casing":1,"colossalchests:colossal_chest_wood":1,"create:speedometer":2,"minecraft:cobblestone":1699,"exnihilosequentia:blackstone_pebble":88,"create:fluid_tank":2,"minecraft:andesite":963,"minecraft:potato":448,"exnihilosequentia:string_mesh":2,"minecraft:lapis_lazuli":24,"minecraft:dirt":384,"exnihilosequentia:fired_crucible":1,"minecraft:glass":600,"minecraft:wheat_seeds":142,"gtceu:nickel_ingot":31,"exnihilosequentia:grass_seeds":5,"minecraft:bamboo":1,"minecraft:oak_planks":11,"create:radial_chassis":1,"gtceu:lv_wiremill":1,"thermal:bell_pepper_seeds":5,"create:cogwheel":32,"exnihilosequentia:tuff_pebble":80,"minecraft:sand":1079,"exnihilosequentia:crushed_blackstone":2,"gtceu:treated_wood_frame":29,"gtceu:lv_forge_hammer":2,"gtceu:ulv_output_bus":3,"gtceu:copper_small_fluid_pipe":2,"minecraft:sugar":1024,"minecraft:clay":136,"minecraft:diamond":1,"thermal:device_tree_extractor":1,"minecraft:bone_meal":204,"minecraft:emerald":2,"minecraft:oak_sapling":980,"create:stressometer":1,"minecraft:oak_leaves":238,"functionalstorage:oak_1":3,"minecraft:cocoa_beans":1350,"minecraft:charcoal":221,"kubejs:wood_casing":8,"minecraft:chicken":1,"minecraft:cooked_rabbit":1,"minecraft:diorite_slab":393,"minecraft:iron_axe":1,"minecraft:large_fern":6,"exnihilosequentia:dust":1002,"gtceu:lv_output_bus":4,"create:chute":5,"functionalstorage:oak_4":2,"gtceu:crushed_sapphire_ore":75,"create:basin":2,"minecraft:sugar_cane":428,"gtceu:crushed_saltpeter_ore":91,"create:linear_chassis":15,"minecraft:dark_oak_sapling":8,"minecraft:copper_ingot":413,"gtceu:crushed_diamond_ore":64,"exnihilosequentia:diorite_pebble":454,"create:hand_crank":2,"create:deployer":3,"gtceu:crushed_tin_ore":880,"thermal:peanut_seeds":5,"exnihilosequentia:deepslate_pebble":68,"gtceu:large_barrel":1,"thermal:device_water_gen":2,"gtceu:crushed_green_sapphire_ore":96,"minecraft:gunpowder":2,"minecraft:cobblestone_stairs":1,"gtceu:crushed_certus_quartz_ore":87,"ae2:sky_dust":173,"gtceu:ulv_output_hatch":1,"gtceu:crushed_realgar_ore":126,"create:adjustable_chain_gearshift":10,"minecraft:rabbit_hide":4,"gtceu:crushed_gold_ore":53,"minecraft:iron_ingot":186,"thermal:tomato_seeds":7,"minecraft:acacia_sapling":3,"minecraft:soul_sand":1,"gtceu:tin_single_wire":5,"thermal:rice":10,"minecraft:oak_slab":13,"gtceu:lv_input_bus":1,"create:large_water_wheel":12,"minecraft:quartz":9,"minecraft:dandelion":37,"minecraft:amethyst_shard":3,"gtceu:red_alloy_ingot":6,"minecraft:white_bed":1,"thermal:green_bean_seeds":3,"minecraft:spider_eye":1,"thermal:rice_seeds":37,"minecraft:pumpkin_seeds":42,"gtceu:crushed_salt_ore":93,"create:encased_fan":10,"minecraft:cherry_sapling":6,"gtceu:lv_input_hatch":1,"minecraft:coal":84,"minecraft:sunflower":6},"minecraft:broken":{"minecraft:shears":1,"gtceu:iron_wire_cutter":2,"gtceu:iron_file":2,"exnihilosequentia:wooden_crook":2,"exnihilosequentia:stone_hammer":3,"gtceu:iron_mortar":3,"minecraft:leather_helmet":1,"minecraft:iron_axe":5,"minecraft:iron_pickaxe":2,"minecraft:stone_axe":6,"exnihilosequentia:iron_hammer":3,"create:sand_paper":2},"minecraft:killed_by":{"minecraft:zombie":4,"minecraft:slime":4,"minecraft:creeper":2,"minecraft:spider":1,"minecraft:enderman":4},"minecraft:used":{"create:deployer":6,"functionalstorage:linking_tool":6,"trashcans:item_trash_can":1,"minecraft:chest":23,"gtceu:pump_deck":9,"gtceu:firebricks":100,"gtceu:treated_wood_planks":108,"create:fluid_tank":14,"create:mechanical_crafter":46,"create:depot":14,"gtceu:iron_wrench":4,"minecraft:jungle_sapling":6,"minecraft:lava_bucket":16,"gtceu:ulv_input_hatch":4,"create:shaft":72,"minecraft:oak_sapling":356,"minecraft:furnace":4,"gtceu:lv_4a_energy_converter":4,"minecraft:potato":15,"gtceu:solid_blast_furnace":3,"gtceu:tin_single_wire":5,"gtceu:solid_machine_casing":22,"create_new_age:redstone_magnet":27,"kubejs:meshblock":10,"toms_storage:ts.inventory_connector":2,"minecraft:blackstone":2,"minecraft:composter":5,"exnihilosequentia:stone_barrel":4,"exnihilosequentia:oak_sieve":53,"minecraft:clay":87,"minecraft:oak_leaves":238,"minecraft:sand":176,"gtceu:lv_output_bus":10,"gtceu:kinetic_ore_factory":5,"gtceu:lp_steam_compressor":1,"create:adjustable_chain_gearshift":13,"gtceu:soul_infused_single_wire":1,"create:basin":7,"gtceu:lv_electrolyzer":3,"gtceu:ulv_input_bus":11,"minecraft:diorite_slab":331,"komarumod:komaru_spawn_egg":1,"create_new_age:generator_coil":3,"gtceu:treated_wood_frame":137,"minecraft:torch":45,"gtceu:steel_firebox_casing":10,"toms_storage:ts.crafting_terminal":1,"exnihilosequentia:grass_seeds":17,"gtceu:large_barrel":2,"create:wrench":23,"create:gearbox":12,"minecraft:iron_axe":1500,"minecraft:jungle_log":1,"create_new_age:energiser_t2":1,"create:encased_chain_drive":14,"create:fluid_pipe":52,"gtceu:lv_centrifuge":1,"minecraft:wheat_seeds":24,"minecraft:water_bucket":45,"thermal:rice_seeds":10,"gtceu:lp_steam_liquid_boiler":2,"createdieselgenerators:huge_diesel_engine":12,"create:encased_fan":13,"minecraft:crafting_table":6,"minecraft:oak_slab":21,"minecraft:white_bed":5,"minecraft:campfire":3,"minecraft:oak_log":65,"exnihilosequentia:oak_barrel":22,"create_new_age:overcharged_iron_wire":5,"minecraft:iron_pickaxe":722,"create:water_wheel":3,"minecraft:leather_helmet":2,"gtceu:ulv_output_hatch":2,"gtceu:lv_input_bus":4,"kubejs:wood_casing":59,"minecraft:cobblestone":491,"create:portable_storage_interface":4,"farmersdelight:stove":1,"gtceu:bronze_machine_casing":4,"toms_storage:ts.storage_terminal":6,"create:mechanical_bearing":1,"gtceu:lv_bender":1,"minecraft:soul_campfire":2,"functionalstorage:oak_2":6,"create:cogwheel":160,"gtceu:ulv_output_bus":6,"exnihilosequentia:oak_crucible":3,"create:speedometer":3,"create_new_age:fluxuated_magnetite":24,"gtceu:lv_forge_hammer":4,"create:millstone":1,"gtceu:primitive_blast_furnace":1,"thermal:device_composter":2,"createdieselgenerators:biodiesel_bucket":4,"minecraft:magma_block":1,"gtceu:lv_kinetic_input_box":6,"pipez:item_pipe":67,"create:mechanical_drill":2,"createdieselgenerators:large_diesel_engine":21,"gtceu:lv_polarizer":1,"gtceu:lp_steam_solid_boiler":2,"create:crushing_wheel":3,"gtceu:lv_assembler":1,"minecraft:stone_pickaxe":208,"minecraft:oak_planks":12,"minecraft:polished_diorite_slab":338,"minecraft:sugar_cane":4,"create:mechanical_saw":8,"colossalchests:chest_wall_wood":199,"functionalstorage:storage_controller":1,"gtceu:wood_drum":10,"minecraft:shears":238,"gtceu:lp_steam_macerator":1,"minecraft:lever":11,"thermal:device_tree_extractor":9,"minecraft:string":23,"create_new_age:copper_wire":4,"create:andesite_casing":3,"minecraft:gravel":218,"exnihilosequentia:dust":2,"minecraft:granite_slab":162,"create_new_age:electrical_connector":6,"gtceu:lv_machine_hull":1,"exnihilosequentia:andesite_hammer":180,"exnihilosequentia:stone_hammer":1145,"functionalstorage:oak_1":17,"create:stressometer":2,"exnihilosequentia:silkworm":4,"create:vertical_gearbox":13,"gtceu:copper_small_fluid_pipe":4,"gtceu:copper_quadruple_wire":7,"minecraft:bone_meal":64,"create:large_cogwheel":3,"create:clipboard":1,"gtceu:kinetic_sieve":2,"thermal:device_water_gen":2,"functionalstorage:configuration_tool":8,"create:mechanical_pump":9,"minecraft:dirt":288,"create:mechanical_mixer":1,"minecraft:hopper":12,"gtceu:bronze_pipe_casing":4,"create:chute":10,"minecraft:iron_hoe":25,"exnihilosequentia:diorite_hammer":2,"exnihilosequentia:wooden_crook":537,"gtceu:large_farm":6,"thermal:fluid_cell":27,"create:radial_chassis":2,"gtceu:lv_wiremill":2,"create:gearshift":1,"pipez:fluid_pipe":33,"exnihilosequentia:fired_crucible":2,"minecraft:baked_potato":241,"minecraft:cobblestone_slab":12,"create_new_age:energiser_t1":1,"thermal:fluid_cell_frame":9,"create_new_age:layered_magnet":24,"create:linear_chassis":22,"exnihilosequentia:iron_hammer":1716,"minecraft:apple":1,"functionalstorage:oak_4":3,"create:mechanical_press":6,"gtceu:lv_lathe":1,"gtceu:lv_input_hatch":1,"create:large_water_wheel":12,"colossalchests:colossal_chest_wood":2,"minecraft:stone_axe":951,"createdieselgenerators:basin_lid":4,"minecraft:bucket":151,"create:hand_crank":2,"create_new_age:carbon_brushes":1},"minecraft:crafted":{"colossalchests:colossal_chest_wood":1,"gtceu:vacuum_tube":54,"gtceu:steel_plate":209,"gtceu:wrought_iron_bolt":4,"pipez:item_pipe":48,"gtceu:treated_wood_planks":138,"minecraft:polished_blackstone_slab":36,"kubejs:meshblock":9,"minecraft:lever":5,"exnihilosequentia:unfired_crucible":1,"gtceu:brick_wooden_form":1,"gtceu:kinetic_sieve":1,"gtceu:tin_ingot":16,"gtceu:basic_electronic_circuit":27,"gtceu:lv_electric_motor":26,"gtceu:large_farm":4,"gtceu:bronze_small_fluid_pipe":12,"exnihilosequentia:stone_barrel":2,"minecraft:granite":93,"create:vertical_gearbox":11,"create:radial_chassis":3,"gtceu:solid_blast_furnace":1,"create:mechanical_press":2,"gtceu:bronze_rod":16,"gtceu:wood_drum":16,"gtceu:lv_machine_casing":33,"minecraft:polished_blackstone":20,"functionalstorage:configuration_tool":1,"gtceu:treated_wood_boat":11,"gtceu:gold_single_wire":4,"thermal:fluid_cell_frame":9,"create:cogwheel":148,"gtceu:lv_polarizer":1,"create:precision_mechanism":2,"gtceu:steel_gear":4,"gtceu:resin_printed_circuit_board":27,"gtceu:rubber_ring":2,"toms_storage:ts.crafting_terminal":1,"gtceu:lp_steam_macerator":1,"gtceu:bronze_normal_fluid_pipe":10,"gtceu:bronze_dust":100,"gtceu:copper_rod":4,"create:rose_quartz":18,"minecraft:soul_campfire":2,"gtceu:iron_crowbar":1,"gtceu:fine_copper_wire":42,"gtceu:tin_rotor":2,"farmersdelight:iron_knife":2,"create:adjustable_chain_gearshift":5,"minecraft:clock":3,"exnihilosequentia:fired_crucible":1,"minecraft:copper_ingot":65,"gtceu:lv_lathe":1,"minecraft:campfire":4,"create:encased_chain_drive":10,"create:mechanical_mixer":1,"gtceu:copper_single_wire":260,"create:gearbox":18,"create:encased_fan":3,"gtceu:copper_foil":42,"thermal:redstone_servo":9,"minecraft:stone_slab":6,"minecraft:compass":2,"minecraft:iron_pickaxe":3,"minecraft:iron_block":8,"createdieselgenerators:diesel_engine":12,"create:large_cogwheel":2,"woodenbucket:wooden_bucket":2,"create:propeller":4,"gtceu:long_iron_rod":8,"gtceu:soul_infused_single_wire":17,"minecraft:composter":3,"gtceu:lv_electrolyzer":1,"gtceu:empty_wooden_form":1,"gtceu:brick_dust":132,"gtceu:small_iron_gear":8,"create:wrench":1,"gtceu:copper_tiny_fluid_pipe":10,"minecraft:iron_nugget":180,"gtceu:steel_bolt":112,"gtceu:long_copper_rod":2,"gtceu:iron_screwdriver":1,"exnihilosequentia:porcelain_clay":7,"gtceu:solid_machine_casing":26,"gtceu:zinc_ingot":52,"gtceu:iron_hammer":5,"exnihilosequentia:diorite_hammer":1,"gtceu:lv_electric_pump":1,"gtceu:red_alloy_single_wire":66,"gtceu:ulv_input_bus":6,"gtceu:wrought_iron_screw":2,"thermal:rice":1,"gtceu:firebrick":264,"functionalstorage:linking_tool":1,"gtceu:ulv_input_hatch":2,"thermal:device_composter":1,"gtceu:treated_wood_rod":600,"gtceu:lv_distillery":1,"minecraft:polished_diorite":896,"gtceu:iron_rod":196,"gtceu:tin_screw":3,"gtceu:iron_file":12,"minecraft:stone_pickaxe":5,"create_new_age:generator_coil":2,"toms_storage:ts.inventory_connector":1,"create:electron_tube":18,"create_new_age:redstone_magnet":24,"gtceu:iron_dust":69,"minecraft:wheat":603,"gtceu:lv_output_bus":7,"gtceu:lv_centrifuge":1,"gtceu:bronze_frame":2,"komarumod:komaru_powder":1,"gtceu:iron_mortar":11,"functionalstorage:oak_4":4,"create:goggles":1,"gtceu:wood_mallet":1,"gtceu:tin_plate":1,"functionalstorage:oak_2":2,"gtceu:sulfur_dust":67,"gtceu:steel_pipe_casing":4,"create:andesite_alloy_block":2,"minecraft:glowstone":1,"gtceu:brass_block":22,"gtceu:tin_bolt":6,"create:speedometer":2,"gtceu:steel_normal_fluid_pipe":8,"minecraft:cobblestone":97,"gtceu:lp_steam_compressor":1,"minecraft:flint":8,"thermal_extra:soul_sand_dust":131,"gtceu:bronze_gear":2,"minecraft:blackstone":22,"thermal:device_tree_extractor":8,"thermal:rice_block":1,"minecraft:white_bed":4,"functionalstorage:storage_controller":1,"create:shaft":264,"gtceu:lv_4a_energy_converter":2,"gtceu:lv_bender":1,"gtceu:soul_infused_dust":24,"exnihilosequentia:string_mesh":97,"minecraft:brick":544,"createdieselgenerators:large_diesel_engine":12,"gtceu:wrought_iron_rod":5,"minecraft:oak_planks":2864,"gtceu:lv_wiremill":1,"gtceu:invar_dust":34,"minecraft:cobblestone_slab":2,"minecraft:barrel":57,"gtceu:lv_electric_piston":7,"gtceu:lv_machine_hull":33,"gtceu:lv_energy_input_hatch":1,"gtceu:iron_saw":5,"minecraft:lightning_rod":3,"gtceu:lv_robot_arm":2,"minecraft:stone":32,"gtceu:glass_tube":54,"create:mechanical_bearing":1,"create:deployer":4,"pipez:fluid_pipe":24,"gtceu:zinc_nugget":18,"colossalchests:chest_wall_wood":98,"gtceu:lv_input_hatch":1,"gtceu:tin_ring":2,"gtceu:iron_knife":1,"minecraft:hopper":8,"gtceu:quartz_sand_dust":596,"gtceu:treated_wood_frame":126,"gtceu:clay_dust":132,"toms_storage:ts.storage_terminal":1,"minecraft:comparator":3,"create_new_age:energiser_t1":1,"minecraft:chest":57,"minecraft:copper_block":10,"gtceu:copper_nugget":36,"gtceu:ulv_output_bus":4,"minecraft:bricks":152,"gtceu:brass_screw":114,"gtceu:pump_deck":10,"gtceu:bronze_pipe_casing":4,"gtceu:bronze_machine_casing":10,"create:brass_hand":4,"minecraft:polished_diorite_slab":1302,"minecraft:magma_block":1,"farmersdelight:stove":1,"gtceu:copper_spring":1,"create:depot":7,"minecraft:oak_slab":402,"gtceu:lv_muffler_hatch":1,"gtceu:ulv_output_hatch":1,"minecraft:crafting_table":14,"createdieselgenerators:huge_diesel_engine":10,"create:mechanical_saw":4,"create:fluid_pipe":64,"gtceu:steel_frame":48,"gtceu:primitive_blast_furnace":1,"minecraft:baked_potato":370,"gtceu:lv_output_hatch":1,"create_new_age:fluxuated_magnetite":24,"gtceu:ulv_machine_casing":12,"gtceu:iron_screw":62,"create_new_age:electrical_connector":4,"gtceu:red_alloy_dust":66,"createdieselgenerators:engine_piston":24,"create:sand_paper":3,"create_new_age:carbon_brushes":1,"gtceu:wood_plate":58,"create:gearshift":1,"gtceu:tin_rod":5,"minecraft:diorite":61,"create:stressometer":1,"minecraft:paper":84,"create:water_wheel":8,"minecraft:charcoal":780,"exnihilosequentia:stone_hammer":5,"gtceu:sticky_resin":16,"kubejs:wood_casing":56,"create:portable_storage_interface":2,"create:super_glue":1,"gtceu:brass_dust":255,"minecraft:stick":24,"gtceu:brass_bolt":175,"create:mechanical_pump":7,"minecraft:iron_ingot":560,"create_new_age:layered_magnet":24,"create:clipboard":1,"minecraft:redstone_torch":9,"gtceu:iron_wire_cutter":8,"gtceu:treated_wood_pressure_plate":1,"minecraft:shears":1,"gtceu:steel_firebox_casing":22,"gtceu:steel_rod":177,"gtceu:soul_infused_quadruple_wire":4,"create:chute":8,"minecraft:coarse_dirt":32,"gtceu:lp_steam_liquid_boiler":1,"exnihilosequentia:oak_crucible":1,"create:steam_engine":10,"gtceu:electrico_kinetic_ore_factory":1,"gtceu:lv_input_bus":4,"gtceu:resistor":54,"gtceu:maintenance_hatch":1,"gtceu:ulv_machine_hull":12,"gtceu:large_barrel":1,"gtceu:zinc_dust":59,"gtceu:lv_kinetic_input_box":3,"gtceu:iron_wrench":1,"minecraft:furnace":4,"minecraft:piston":4,"minecraft:glass_pane":324,"exnihilosequentia:oak_sieve":49,"minecraft:flint_and_steel":23,"gtceu:tin_single_wire":95,"gtceu:iron_bolt":118,"gtceu:compressed_fireclay":201,"createdieselgenerators:basin_lid":3,"gtceu:steel_screw":2,"minecraft:iron_axe":7,"minecraft:iron_hoe":1,"minecraft:slime_ball":16,"create:millstone":1,"create:fluid_tank":57,"gtceu:bronze_ingot":12,"gtceu:tin_double_wire":4,"exnihilosequentia:iron_hammer":3,"createdieselgenerators:engine_turbocharger":1,"create:basin":5,"trashcans:item_trash_can":1,"gtceu:lv_conveyor_module":2,"gtceu:copper_plate":4,"exnihilosequentia:wooden_crook":6,"gtceu:flint_dust":85,"functionalstorage:oak_1":14,"gtceu:lv_forge_hammer":2,"gtceu:iron_gear":9,"create_new_age:magnetite_block":56,"gtceu:kinetic_ore_factory":1,"create:andesite_alloy":169,"create:hand_crank":1,"exnihilosequentia:oak_barrel":44,"gtceu:resin_circuit_board":27,"gtceu:copper_dust":21,"gtceu:glass_dust":600,"gtceu:copper_small_fluid_pipe":9,"gtceu:red_alloy_single_cable":108,"create:large_water_wheel":7,"gtceu:tin_small_item_pipe":18,"minecraft:bucket":11,"minecraft:stone_axe":10,"create_new_age:energiser_t2":1,"minecraft:air":4315,"gtceu:tin_dust":4,"gtceu:lp_steam_solid_boiler":1,"gtceu:tin_single_cable":190,"create:whisk":1,"gtceu:firebricks":66,"minecraft:white_wool":12,"gtceu:bronze_brick_casing":1,"minecraft:white_dye":5,"gtceu:charcoal_dust":28,"create:linear_chassis":9,"create:mechanical_crafter":21,"gtceu:brass_rod":117,"minecraft:anvil":2,"gtceu:lv_assembler":1,"gtceu:small_steel_gear":7,"create:mechanical_drill":1,"gtceu:steel_gearbox":4,"minecraft:andesite":62,"gtceu:wood_crate":11,"minecraft:torch":32,"minecraft:diorite_slab":6,"minecraft:granite_slab":54,"thermal:rubber":207,"gtceu:tiny_flint_dust":648,"minecraft:clay":73,"gtceu:fireclay_dust":133},"minecraft:dropped":{"gtceu:iron_plate":4,"exnihilosequentia:granite_pebble":229,"minecraft:lapis_lazuli":24,"minecraft:crafting_table":3,"gtceu:flint_dust":2,"thermal:flax_seeds":1,"minecraft:emerald":2,"minecraft:dirt":3,"create:goggles":1,"minecraft:diorite_slab":263,"gtceu:crushed_certus_quartz_ore":7,"minecraft:oak_planks":2,"minecraft:glowstone_dust":6,"gtceu:crushed_chalcopyrite_ore":8,"minecraft:charcoal":1,"exnihilosequentia:stone_pebble":73,"exnihilosequentia:wooden_crook":2,"minecraft:glass":2,"gtceu:gold_dust":48,"kubejs:coin":39,"minecraft:iron_ingot":7,"create:rose_quartz":20,"exnihilosequentia:crushed_diorite":10,"minecraft:wheat_seeds":1,"minecraft:cobblestone":1308,"gtceu:crushed_iron_ore":205,"minecraft:apple":22,"minecraft:granite":64,"gtceu:crushed_magnetite_ore":22,"gtceu:crushed_tin_ore":111,"exnihilosequentia:blackstone_pebble":2,"minecraft:mud":2,"minecraft:string":905,"minecraft:furnace":2,"gtceu:tiny_sulfur_dust":6,"thermal:rubber":336,"gtceu:tin_ingot":60,"minecraft:pumpkin_seeds":1,"thermal_extra:soul_sand_dust":2,"woodenbucket:wooden_bucket":1,"minecraft:stone":1,"exnihilosequentia:calcite_pebble":1,"exnihilosequentia:crushed_granite":1,"minecraft:spider_eye":1,"exnihilosequentia:mycelium_spores":4,"minecraft:oak_log":281,"gtceu:crushed_realgar_ore":39,"exnihilosequentia:diorite_pebble":124,"minecraft:ender_pearl":2,"gtceu:copper_plate":3,"gravestone:obituary":2,"minecraft:amethyst_shard":3,"gtceu:nickel_dust":31,"gtceu:tiny_flint_dust":6,"gtceu:iron_mortar":2,"gtceu:zinc_ingot":86,"minecraft:gravel":143,"exnihilosequentia:deepslate_pebble":2,"gtceu:iron_dust":64,"exnihilosequentia:silkworm":344,"gtceu:invar_ingot":1,"gtceu:crushed_copper_ore":542,"exnihilosequentia:crushed_andesite":13,"minecraft:melon_seeds":1,"thermal:slime_mushroom_spores":25,"minecraft:chest":4,"exnihilosequentia:dripstone_pebble":1,"gtceu:red_alloy_ingot":1,"minecraft:quartz":6,"minecraft:oak_slab":6,"minecraft:copper_ingot":420,"exnihilosequentia:andesite_pebble":62,"minecraft:stick":62,"gtceu:crushed_saltpeter_ore":5,"minecraft:diorite":9,"exnihilosequentia:dust":2,"minecraft:granite_slab":81,"minecraft:iron_axe":1,"minecraft:cactus":1,"minecraft:bucket":4,"minecraft:redstone":65,"minecraft:iron_hoe":1,"gtceu:crushed_sphalerite_ore":19,"minecraft:andesite":1199,"minecraft:oak_sapling":70,"minecraft:slime_ball":119,"gtceu:nickel_ingot":1,"gtceu:sulfur_dust":127,"minecraft:stone_pickaxe":5}},"DataVersion":3465}