{"stats":{"minecraft:crafted":{"exnihilosequentia:oak_crucible":1,"minecraft:oak_slab":6,"minecraft:oak_planks":24,"minecraft:cobblestone_slab":2,"exnihilosequentia:oak_barrel":1,"minecraft:crafting_table":1,"minecraft:stone_axe":1,"minecraft:diorite":58,"minecraft:air":589,"exnihilosequentia:oak_sieve":2,"minecraft:granite":59,"minecraft:white_wool":12,"minecraft:cobblestone":82,"exnihilosequentia:stone_hammer":1,"minecraft:stick":12,"minecraft:stone_pickaxe":1,"minecraft:chest":2,"woodenbucket:wooden_bucket":1,"minecraft:white_bed":4,"minecraft:andesite":59,"exnihilosequentia:wooden_crook":2,"minecraft:granite_slab":38,"exnihilosequentia:string_mesh":2},"minecraft:mined":{"minecraft:white_bed":1,"exnihilosequentia:oak_sieve":1,"exnihilosequentia:infesting_leaves":3,"minecraft:cobblestone":130,"minecraft:granite_slab":2,"minecraft:oak_log":57,"minecraft:gravel":64,"minecraft:sand":32,"minecraft:oak_leaves":62,"exnihilosequentia:infested_leaves":58},"minecraft:dropped":{"minecraft:gravel":5,"exnihilosequentia:silkworm":2,"minecraft:dirt":1,"exnihilosequentia:wooden_crook":2,"minecraft:stone_pickaxe":1},"minecraft:picked_up":{"gtceu:tiny_sulfur_dust":6,"exnihilosequentia:andesite_pebble":246,"minecraft:oak_log":51,"minecraft:dirt":1,"gtceu:crushed_sphalerite_ore":16,"minecraft:lapis_lazuli":8,"minecraft:string":198,"exnihilosequentia:dust":32,"minecraft:apple":3,"exnihilosequentia:oak_sieve":1,"minecraft:glowstone_dust":10,"minecraft:stick":12,"minecraft:quartz":9,"minecraft:gravel":130,"minecraft:sand":64,"minecraft:amethyst_shard":3,"exnihilosequentia:diorite_pebble":242,"minecraft:granite_slab":3,"exnihilosequentia:granite_pebble":241,"minecraft:redstone":12,"exnihilosequentia:stone_pebble":335,"exnihilosequentia:silkworm":92,"gtceu:crushed_copper_ore":37,"gtceu:crushed_tin_ore":13,"exnihilosequentia:wooden_crook":1,"gtceu:crushed_iron_ore":24,"minecraft:diamond":1,"minecraft:emerald":2,"gtceu:crushed_magnetite_ore":14,"minecraft:oak_sapling":23,"minecraft:ender_pearl":3},"minecraft:custom":{"minecraft:interact_with_furnace":2,"minecraft:interact_with_crafting_table":28,"minecraft:leave_game":2,"minecraft:time_since_death":65272,"minecraft:sleep_in_bed":6,"minecraft:time_since_rest":2550,"minecraft:sprint_one_cm":3242,"minecraft:damage_taken":50,"minecraft:walk_one_cm":180632,"minecraft:drop":6,"minecraft:swim_one_cm":29,"minecraft:fly_one_cm":1286,"minecraft:crouch_one_cm":21253,"minecraft:open_chest":83,"minecraft:play_time":65272,"minecraft:sneak_time":5812,"minecraft:walk_under_water_one_cm":2301,"minecraft:jump":113,"minecraft:walk_on_water_one_cm":1376,"minecraft:total_world_time":65272,"minecraft:fall_one_cm":1893},"minecraft:used":{"minecraft:stone_pickaxe":2,"minecraft:chest":2,"exnihilosequentia:oak_sieve":3,"minecraft:cobblestone_slab":12,"minecraft:sand":32,"minecraft:crafting_table":1,"exnihilosequentia:oak_crucible":1,"minecraft:white_bed":4,"exnihilosequentia:oak_barrel":1,"minecraft:gravel":64,"minecraft:stone_axe":41,"minecraft:granite_slab":162,"exnihilosequentia:wooden_crook":118,"minecraft:cobblestone":130,"exnihilosequentia:stone_hammer":226,"minecraft:oak_sapling":9,"exnihilosequentia:silkworm":2}},"DataVersion":3465}