{"stats":{"minecraft:broken":{"minecraft:shears":1,"exnihilosequentia:wooden_crook":2,"exnihilosequentia:stone_hammer":3,"minecraft:stone_axe":6,"gtceu:iron_mortar":2,"minecraft:iron_axe":1,"exnihilosequentia:iron_hammer":3,"create:sand_paper":1},"minecraft:custom":{"minecraft:interact_with_crafting_table":337,"minecraft:leave_game":7,"minecraft:time_since_death":239808,"minecraft:sprint_one_cm":1015143,"minecraft:drop":327,"minecraft:play_time":1122108,"minecraft:deaths":20,"minecraft:jump":4664,"minecraft:walk_on_water_one_cm":48481,"minecraft:interact_with_furnace":564,"minecraft:sleep_in_bed":26,"minecraft:damage_dealt":4325,"minecraft:crouch_one_cm":115862,"minecraft:mob_kills":25,"minecraft:inspect_hopper":4,"minecraft:interact_with_campfire":230,"minecraft:walk_one_cm":2493463,"minecraft:sneak_time":45450,"minecraft:walk_under_water_one_cm":14629,"minecraft:total_world_time":1122108,"minecraft:time_since_rest":239835,"minecraft:damage_taken":5730,"minecraft:swim_one_cm":132345,"minecraft:fly_one_cm":360205,"minecraft:open_chest":518,"minecraft:fall_one_cm":98930},"minecraft:killed_by":{"minecraft:creeper":2,"minecraft:zombie":2,"minecraft:enderman":2,"minecraft:slime":1},"minecraft:picked_up":{"gtceu:tiny_sulfur_dust":99,"create:mechanical_crafter":25,"exnihilosequentia:oak_crucible":1,"gtceu:sticky_resin":25,"gtceu:solid_blast_furnace":2,"exnihilosequentia:andesite_pebble":359,"gtceu:treated_wood_planks":1,"minecraft:string":1122,"create:mechanical_press":2,"exnihilosequentia:oak_sieve":5,"minecraft:cobblestone_slab":5,"minecraft:furnace":2,"minecraft:stick":342,"minecraft:torch":5,"create:andesite_casing":34,"minecraft:diorite":855,"thermal:flax_seeds":1,"create:large_cogwheel":5,"exnihilosequentia:wooden_crook":1,"minecraft:rotten_flesh":9,"toms_storage:ts.inventory_connector":2,"gtceu:steel_firebox_casing":1,"colossalchests:colossal_chest_wood":1,"minecraft:cobblestone":1314,"minecraft:polished_diorite_slab":7,"minecraft:jungle_log":8,"minecraft:andesite":963,"minecraft:potato":442,"exnihilosequentia:string_mesh":2,"minecraft:lapis_lazuli":24,"minecraft:dirt":276,"create:encased_chain_drive":5,"exnihilosequentia:fired_crucible":1,"minecraft:glass":18,"minecraft:wheat_seeds":1,"create:mechanical_drill":2,"gtceu:iron_mortar":1,"create:goggles":1,"exnihilosequentia:grass_seeds":1,"create:shaft":9,"minecraft:rabbit":6,"minecraft:glowstone_dust":147,"minecraft:oak_planks":7,"gtceu:ulv_input_hatch":2,"create:cogwheel":28,"exnihilosequentia:tuff_pebble":7,"minecraft:sand":823,"minecraft:granite_slab":18,"gtceu:treated_wood_frame":3,"gtceu:ulv_output_bus":1,"exnihilosequentia:silkworm":394,"thermal:rubber":6,"minecraft:clay":136,"minecraft:diamond":1,"thermal:device_tree_extractor":1,"minecraft:lever":4,"minecraft:polished_granite_slab":1,"minecraft:granite":1024,"minecraft:bone_meal":12,"minecraft:emerald":2,"minecraft:oak_sapling":599,"minecraft:oak_leaves":238,"gtceu:ulv_input_bus":2,"minecraft:charcoal":162,"minecraft:cocoa_beans":1,"functionalstorage:oak_1":2,"minecraft:mud":2,"minecraft:crafting_table":4,"gtceu:wrought_iron_ingot":430,"gtceu:tin_ingot":32,"minecraft:clay_ball":852,"toms_storage:ts.storage_terminal":6,"minecraft:diorite_slab":367,"gtceu:crushed_sphalerite_ore":315,"create:fluid_pipe":6,"minecraft:iron_axe":1,"exnihilosequentia:dust":745,"gtceu:lv_kinetic_input_box":2,"gtceu:lv_output_bus":4,"gtceu:solid_machine_casing":1,"create:chute":4,"functionalstorage:oak_4":1,"minecraft:jungle_sapling":1,"minecraft:sugar_cane":82,"colossalchests:chest_wall_wood":102,"minecraft:chest":4,"minecraft:birch_sapling":1,"gtceu:kinetic_ore_factory":4,"minecraft:copper_ingot":140,"exnihilosequentia:diorite_pebble":371,"exnihilosequentia:granite_pebble":494,"minecraft:redstone":139,"create:brass_casing":7,"exnihilosequentia:stone_pebble":506,"gtceu:crushed_copper_ore":841,"create:vertical_gearbox":2,"gtceu:crushed_tin_ore":390,"minecraft:beetroot_seeds":3,"exnihilosequentia:dripstone_pebble":1,"exnihilosequentia:stone_barrel":2,"gtceu:firebricks":40,"gtceu:primitive_blast_furnace":1,"exnihilosequentia:basalt_pebble":1,"minecraft:oak_log":1233,"minecraft:gunpowder":1,"minecraft:cobblestone_stairs":1,"create:crushing_wheel":3,"minecraft:apple":68,"create:adjustable_chain_gearshift":6,"minecraft:rabbit_hide":3,"minecraft:iron_ingot":122,"minecraft:stone_pickaxe":1,"minecraft:acacia_sapling":1,"minecraft:oak_slab":10,"gtceu:lv_input_bus":1,"thermal:fluid_cell":1,"create:large_water_wheel":5,"minecraft:quartz":9,"minecraft:gravel":1562,"minecraft:amethyst_shard":3,"gtceu:red_alloy_ingot":6,"minecraft:white_bed":1,"create:gearbox":4,"minecraft:spider_eye":1,"exnihilosequentia:oak_barrel":13,"minecraft:leather_helmet":1,"minecraft:pumpkin_seeds":3,"minecraft:slime_ball":100,"gtceu:crushed_iron_ore":776,"minecraft:stone_axe":1,"minecraft:polished_diorite":256,"create:encased_fan":5,"minecraft:baked_potato":84,"gtceu:crushed_magnetite_ore":331,"minecraft:melon_seeds":6,"minecraft:ender_pearl":20},"minecraft:dropped":{"exnihilosequentia:mycelium_spores":2,"gtceu:iron_plate":4,"exnihilosequentia:granite_pebble":229,"minecraft:lapis_lazuli":24,"minecraft:oak_log":222,"exnihilosequentia:diorite_pebble":124,"minecraft:ender_pearl":2,"minecraft:crafting_table":3,"gtceu:flint_dust":2,"minecraft:emerald":2,"thermal:flax_seeds":1,"minecraft:dirt":3,"minecraft:amethyst_shard":3,"create:goggles":1,"gtceu:tiny_flint_dust":6,"gtceu:iron_mortar":2,"gtceu:zinc_ingot":5,"minecraft:diorite_slab":263,"minecraft:gravel":79,"exnihilosequentia:deepslate_pebble":2,"minecraft:oak_planks":2,"exnihilosequentia:silkworm":344,"minecraft:glowstone_dust":6,"gtceu:crushed_copper_ore":222,"exnihilosequentia:crushed_andesite":13,"minecraft:charcoal":1,"minecraft:melon_seeds":1,"thermal:slime_mushroom_spores":25,"minecraft:chest":4,"exnihilosequentia:stone_pebble":73,"exnihilosequentia:wooden_crook":2,"exnihilosequentia:dripstone_pebble":1,"gtceu:red_alloy_ingot":1,"minecraft:glass":2,"minecraft:quartz":6,"kubejs:coin":39,"minecraft:iron_ingot":5,"create:rose_quartz":12,"minecraft:oak_slab":6,"exnihilosequentia:crushed_diorite":10,"minecraft:wheat_seeds":1,"minecraft:cobblestone":1308,"gtceu:crushed_iron_ore":204,"minecraft:apple":22,"minecraft:granite":64,"gtceu:crushed_magnetite_ore":22,"minecraft:copper_ingot":124,"gtceu:crushed_tin_ore":47,"exnihilosequentia:andesite_pebble":62,"minecraft:stick":62,"minecraft:diorite":9,"exnihilosequentia:blackstone_pebble":2,"exnihilosequentia:dust":1,"minecraft:granite_slab":81,"minecraft:iron_axe":1,"minecraft:mud":2,"minecraft:cactus":1,"minecraft:string":905,"minecraft:redstone":65,"minecraft:furnace":2,"gtceu:tiny_sulfur_dust":6,"thermal:rubber":33,"gtceu:tin_ingot":43,"minecraft:pumpkin_seeds":1,"gtceu:crushed_sphalerite_ore":19,"woodenbucket:wooden_bucket":1,"minecraft:stone":1,"exnihilosequentia:calcite_pebble":1,"exnihilosequentia:crushed_granite":1,"minecraft:andesite":1199,"minecraft:oak_sapling":70,"minecraft:spider_eye":1,"minecraft:slime_ball":100,"gtceu:sulfur_dust":9,"minecraft:stone_pickaxe":5},"minecraft:mined":{"minecraft:polished_granite_slab":4,"minecraft:white_bed":1,"minecraft:oak_sapling":1,"minecraft:cobblestone_stairs":1,"create:andesite_casing":34,"exnihilosequentia:oak_sieve":5,"minecraft:grass_block":3,"minecraft:jungle_log":8,"toms_storage:ts.storage_terminal":6,"minecraft:granite_slab":5,"exnihilosequentia:oak_barrel":13,"gtceu:kinetic_ore_factory":4,"toms_storage:ts.inventory_connector":2,"colossalchests:chest_wall_wood":102,"gtceu:treated_wood_frame":3,"create:mechanical_press":2,"minecraft:tripwire":23,"create:cogwheel":28,"gtceu:ulv_input_hatch":2,"create:adjustable_chain_gearshift":6,"minecraft:clay":213,"minecraft:torch":1,"gtceu:steel_firebox_casing":1,"minecraft:chest":4,"create:brass_casing":7,"minecraft:polished_diorite_slab":13,"minecraft:cobblestone":1495,"minecraft:oak_planks":7,"minecraft:sugar_cane":47,"minecraft:wall_torch":2,"create:large_water_wheel":5,"gtceu:ulv_input_bus":2,"exnihilosequentia:oak_crucible":1,"minecraft:oak_log":1172,"minecraft:sand":745,"minecraft:dirt":21,"create:encased_chain_drive":5,"gtceu:primitive_blast_furnace":1,"minecraft:oak_leaves":357,"exnihilosequentia:infested_leaves":421,"gtceu:lv_kinetic_input_box":2,"gtceu:lv_input_bus":1,"gtceu:lv_output_bus":4,"functionalstorage:oak_1":2,"gtceu:ulv_output_bus":1,"gravestone:gravestone":21,"create:large_cogwheel":5,"colossalchests:colossal_chest_wood":1,"create:encased_fan":5,"gtceu:solid_blast_furnace":2,"gtceu:firebricks":40,"minecraft:diorite_slab":103,"create:shaft":9,"minecraft:furnace":2,"functionalstorage:oak_4":1,"thermal:device_tree_extractor":1,"create:chute":4,"gtceu:treated_wood_planks":1,"minecraft:oak_slab":7,"exnihilosequentia:dust":2,"minecraft:crafting_table":4,"create:fluid_pipe":6,"exnihilosequentia:stone_barrel":2,"exnihilosequentia:infesting_leaves":5,"exnihilosequentia:fired_crucible":1,"gtceu:solid_machine_casing":1,"create:gearbox":6,"create:crushing_wheel":1,"create:mechanical_drill":2,"create:mechanical_crafter":25,"minecraft:gravel":824,"thermal:fluid_cell":1},"minecraft:crafted":{"minecraft:brick":544,"gtceu:wrought_iron_rod":5,"minecraft:oak_planks":1360,"minecraft:cobblestone_slab":2,"colossalchests:colossal_chest_wood":1,"gtceu:vacuum_tube":2,"minecraft:barrel":1,"gtceu:steel_plate":124,"gtceu:lv_machine_hull":4,"gtceu:wrought_iron_bolt":4,"gtceu:iron_saw":2,"gtceu:treated_wood_planks":50,"minecraft:stone":32,"minecraft:lever":5,"exnihilosequentia:unfired_crucible":1,"gtceu:glass_tube":2,"gtceu:brick_wooden_form":1,"gtceu:tin_ingot":16,"gtceu:basic_electronic_circuit":1,"colossalchests:chest_wall_wood":98,"gtceu:large_farm":1,"exnihilosequentia:stone_barrel":1,"minecraft:granite":93,"create:vertical_gearbox":8,"minecraft:hopper":8,"gtceu:treated_wood_frame":10,"gtceu:quartz_sand_dust":12,"gtceu:solid_blast_furnace":1,"gtceu:clay_dust":132,"gtceu:bronze_rod":8,"create:mechanical_press":1,"gtceu:lv_machine_casing":4,"toms_storage:ts.storage_terminal":1,"minecraft:comparator":3,"minecraft:chest":38,"gtceu:ulv_output_bus":4,"minecraft:bricks":136,"gtceu:brass_screw":2,"thermal:fluid_cell_frame":1,"create:cogwheel":73,"gtceu:bronze_pipe_casing":4,"gtceu:bronze_machine_casing":4,"gtceu:resin_printed_circuit_board":1,"farmersdelight:stove":1,"create:depot":1,"toms_storage:ts.crafting_terminal":1,"minecraft:oak_slab":102,"gtceu:bronze_normal_fluid_pipe":8,"gtceu:bronze_dust":4,"create:rose_quartz":12,"gtceu:fine_copper_wire":2,"minecraft:crafting_table":14,"farmersdelight:iron_knife":1,"gtceu:steel_frame":16,"create:fluid_pipe":24,"gtceu:primitive_blast_furnace":1,"create:adjustable_chain_gearshift":5,"minecraft:baked_potato":242,"gtceu:ulv_machine_casing":9,"gtceu:iron_screw":13,"exnihilosequentia:fired_crucible":1,"minecraft:copper_ingot":64,"create:sand_paper":2,"gtceu:wood_plate":20,"minecraft:campfire":3,"create:encased_chain_drive":10,"minecraft:diorite":61,"gtceu:copper_single_wire":14,"create:gearbox":12,"create:encased_fan":1,"gtceu:copper_foil":4,"thermal:redstone_servo":1,"minecraft:paper":6,"create:water_wheel":7,"minecraft:charcoal":775,"exnihilosequentia:stone_hammer":5,"gtceu:sticky_resin":16,"minecraft:stick":24,"minecraft:stone_slab":6,"minecraft:compass":1,"minecraft:iron_ingot":557,"gtceu:brass_bolt":4,"create:mechanical_pump":3,"minecraft:iron_pickaxe":1,"minecraft:iron_block":1,"create:large_cogwheel":2,"create:propeller":1,"woodenbucket:wooden_bucket":2,"minecraft:redstone_torch":9,"gtceu:iron_wire_cutter":1,"minecraft:shears":1,"gtceu:steel_firebox_casing":10,"gtceu:empty_wooden_form":1,"gtceu:steel_rod":91,"gtceu:brick_dust":132,"create:chute":4,"minecraft:coarse_dirt":32,"exnihilosequentia:oak_crucible":1,"gtceu:small_iron_gear":8,"minecraft:iron_nugget":81,"gtceu:lv_input_bus":1,"gtceu:steel_bolt":8,"gtceu:resistor":2,"gtceu:ulv_machine_hull":9,"exnihilosequentia:porcelain_clay":7,"gtceu:iron_screwdriver":1,"gtceu:solid_machine_casing":22,"gtceu:iron_wrench":1,"gtceu:lv_kinetic_input_box":1,"gtceu:zinc_ingot":52,"minecraft:furnace":3,"gtceu:iron_hammer":3,"gtceu:red_alloy_single_wire":21,"gtceu:ulv_input_bus":4,"gtceu:wrought_iron_screw":2,"gtceu:firebrick":264,"minecraft:glass_pane":12,"exnihilosequentia:oak_sieve":23,"minecraft:flint_and_steel":1,"gtceu:ulv_input_hatch":1,"gtceu:tin_single_wire":8,"gtceu:iron_bolt":26,"gtceu:treated_wood_rod":84,"gtceu:compressed_fireclay":201,"gtceu:iron_rod":37,"gtceu:steel_screw":2,"minecraft:iron_axe":3,"minecraft:iron_hoe":1,"minecraft:slime_ball":16,"gtceu:iron_file":3,"minecraft:stone_pickaxe":5,"create:fluid_tank":1,"gtceu:bronze_ingot":12,"exnihilosequentia:iron_hammer":3,"toms_storage:ts.inventory_connector":1,"create:electron_tube":12,"exnihilosequentia:wooden_crook":6,"gtceu:flint_dust":3,"functionalstorage:oak_1":3,"gtceu:lv_output_bus":2,"gtceu:iron_gear":1,"gtceu:kinetic_ore_factory":1,"gtceu:bronze_frame":2,"create:andesite_alloy":9,"gtceu:resin_circuit_board":2,"exnihilosequentia:oak_barrel":7,"gtceu:copper_dust":12,"gtceu:glass_dust":18,"gtceu:iron_mortar":3,"functionalstorage:oak_4":4,"gtceu:red_alloy_single_cable":21,"create:goggles":1,"create:large_water_wheel":7,"gtceu:sulfur_dust":9,"minecraft:bucket":2,"minecraft:stone_axe":10,"minecraft:glowstone":1,"minecraft:air":2531,"gtceu:tin_dust":4,"create:speedometer":1,"gtceu:tin_single_cable":8,"gtceu:firebricks":66,"minecraft:white_wool":12,"minecraft:cobblestone":97,"gtceu:charcoal_dust":1,"minecraft:flint":8,"create:mechanical_crafter":21,"gtceu:brass_rod":5,"thermal:device_tree_extractor":1,"minecraft:white_bed":4,"create:mechanical_drill":1,"create:shaft":112,"minecraft:andesite":62,"gtceu:wood_crate":3,"minecraft:diorite_slab":6,"minecraft:torch":8,"thermal:rubber":20,"minecraft:granite_slab":54,"gtceu:tiny_flint_dust":27,"minecraft:clay":73,"gtceu:fireclay_dust":133,"exnihilosequentia:string_mesh":27},"minecraft:killed":{"minecraft:spider":1,"minecraft:zombie":2,"minecraft:husk":11,"minecraft:enderman":5},"minecraft:used":{"farmersdelight:stove":1,"minecraft:chest":16,"gtceu:bronze_machine_casing":4,"toms_storage:ts.storage_terminal":6,"gtceu:treated_wood_planks":14,"gtceu:firebricks":100,"gtceu:ulv_output_bus":2,"create:cogwheel":78,"exnihilosequentia:oak_crucible":2,"create:mechanical_crafter":46,"create:depot":1,"create:speedometer":1,"minecraft:jungle_sapling":2,"minecraft:lava_bucket":8,"gtceu:ulv_input_hatch":3,"gtceu:primitive_blast_furnace":1,"create:shaft":21,"gtceu:lv_kinetic_input_box":3,"minecraft:oak_sapling":200,"create:mechanical_drill":2,"minecraft:furnace":4,"minecraft:potato":7,"gtceu:solid_blast_furnace":3,"gtceu:solid_machine_casing":22,"create:crushing_wheel":3,"minecraft:stone_pickaxe":208,"toms_storage:ts.inventory_connector":2,"minecraft:oak_planks":7,"minecraft:polished_diorite_slab":6,"minecraft:clay":87,"minecraft:sugar_cane":4,"exnihilosequentia:stone_barrel":3,"exnihilosequentia:oak_sieve":28,"colossalchests:chest_wall_wood":199,"minecraft:oak_leaves":238,"minecraft:sand":176,"gtceu:lv_output_bus":6,"gtceu:kinetic_ore_factory":5,"minecraft:shears":238,"minecraft:lever":7,"thermal:device_tree_extractor":2,"minecraft:string":23,"create:adjustable_chain_gearshift":11,"create:andesite_casing":3,"minecraft:gravel":218,"exnihilosequentia:dust":2,"minecraft:granite_slab":162,"exnihilosequentia:andesite_hammer":180,"exnihilosequentia:stone_hammer":1145,"gtceu:ulv_input_bus":4,"functionalstorage:oak_1":5,"exnihilosequentia:silkworm":4,"minecraft:diorite_slab":273,"create:vertical_gearbox":8,"create:large_cogwheel":3,"minecraft:dirt":161,"minecraft:torch":12,"gtceu:treated_wood_frame":23,"create:mechanical_pump":4,"gtceu:steel_firebox_casing":10,"toms_storage:ts.crafting_terminal":1,"minecraft:hopper":8,"gtceu:bronze_pipe_casing":4,"create:chute":7,"minecraft:iron_hoe":1,"create:gearbox":8,"minecraft:iron_axe":464,"minecraft:jungle_log":1,"exnihilosequentia:wooden_crook":537,"gtceu:large_farm":1,"create:encased_chain_drive":10,"thermal:fluid_cell":1,"create:fluid_pipe":22,"exnihilosequentia:fired_crucible":2,"minecraft:water_bucket":14,"minecraft:baked_potato":32,"minecraft:cobblestone_slab":12,"thermal:fluid_cell_frame":1,"create:encased_fan":6,"minecraft:crafting_table":6,"minecraft:oak_slab":21,"minecraft:white_bed":5,"minecraft:campfire":2,"minecraft:oak_log":38,"exnihilosequentia:iron_hammer":1716,"minecraft:apple":1,"exnihilosequentia:oak_barrel":19,"functionalstorage:oak_4":2,"create:mechanical_press":3,"minecraft:iron_pickaxe":115,"minecraft:leather_helmet":2,"create:large_water_wheel":12,"colossalchests:colossal_chest_wood":2,"minecraft:stone_axe":939,"gtceu:lv_input_bus":2,"minecraft:cobblestone":490,"minecraft:bucket":117}},"DataVersion":3465}