{"stats":{"minecraft:crafted":{"exnihilosequentia:oak_crucible":1,"minecraft:oak_slab":6,"minecraft:oak_planks":108,"colossalchests:colossal_chest_wood":1,"minecraft:cobblestone_slab":2,"exnihilosequentia:oak_barrel":1,"minecraft:crafting_table":1,"minecraft:furnace":1,"minecraft:stone":6,"minecraft:stone_axe":1,"minecraft:diorite":58,"minecraft:air":603,"exnihilosequentia:oak_sieve":2,"colossalchests:chest_wall_wood":15,"minecraft:granite":59,"minecraft:white_wool":12,"minecraft:charcoal":3,"minecraft:cobblestone":82,"exnihilosequentia:stone_hammer":1,"minecraft:stick":12,"minecraft:iron_ingot":8,"minecraft:stone_pickaxe":1,"minecraft:chest":2,"woodenbucket:wooden_bucket":1,"minecraft:white_bed":4,"minecraft:andesite":59,"exnihilosequentia:wooden_crook":3,"minecraft:granite_slab":38,"exnihilosequentia:string_mesh":2},"minecraft:mined":{"minecraft:white_bed":1,"exnihilosequentia:oak_sieve":1,"exnihilosequentia:infesting_leaves":3,"minecraft:cobblestone":136,"minecraft:granite_slab":2,"minecraft:oak_log":69,"minecraft:gravel":67,"minecraft:sand":32,"minecraft:oak_leaves":62,"exnihilosequentia:infested_leaves":198},"minecraft:dropped":{"minecraft:gravel":5,"exnihilosequentia:granite_pebble":29,"exnihilosequentia:diorite_pebble":26,"exnihilosequentia:silkworm":2,"exnihilosequentia:andesite_pebble":30,"minecraft:dirt":1,"exnihilosequentia:stone_pebble":42,"exnihilosequentia:wooden_crook":2,"minecraft:stone_pickaxe":2},"minecraft:picked_up":{"gtceu:tiny_sulfur_dust":6,"exnihilosequentia:andesite_pebble":292,"minecraft:oak_log":73,"minecraft:dirt":1,"gtceu:crushed_sphalerite_ore":16,"minecraft:lapis_lazuli":8,"minecraft:string":477,"exnihilosequentia:dust":32,"minecraft:apple":3,"exnihilosequentia:oak_sieve":1,"minecraft:glowstone_dust":10,"minecraft:stick":12,"minecraft:quartz":9,"minecraft:gravel":136,"minecraft:sand":67,"minecraft:amethyst_shard":3,"exnihilosequentia:diorite_pebble":298,"minecraft:granite_slab":3,"exnihilosequentia:granite_pebble":298,"minecraft:redstone":12,"exnihilosequentia:stone_pebble":411,"exnihilosequentia:silkworm":229,"gtceu:crushed_copper_ore":38,"gtceu:crushed_tin_ore":13,"exnihilosequentia:wooden_crook":1,"gtceu:crushed_iron_ore":25,"minecraft:diamond":1,"minecraft:emerald":2,"gtceu:crushed_magnetite_ore":15,"minecraft:oak_sapling":26,"minecraft:ender_pearl":3},"minecraft:custom":{"minecraft:interact_with_furnace":20,"minecraft:interact_with_crafting_table":47,"minecraft:leave_game":2,"minecraft:time_since_death":89272,"minecraft:sleep_in_bed":7,"minecraft:time_since_rest":11297,"minecraft:sprint_one_cm":3967,"minecraft:damage_taken":50,"minecraft:walk_one_cm":245819,"minecraft:drop":11,"minecraft:swim_one_cm":29,"minecraft:fly_one_cm":1286,"minecraft:crouch_one_cm":25083,"minecraft:open_chest":133,"minecraft:play_time":89272,"minecraft:sneak_time":7105,"minecraft:walk_under_water_one_cm":2458,"minecraft:jump":188,"minecraft:walk_on_water_one_cm":2092,"minecraft:total_world_time":89272,"minecraft:fall_one_cm":2311},"minecraft:broken":{"exnihilosequentia:wooden_crook":1},"minecraft:used":{"minecraft:stone_pickaxe":2,"minecraft:chest":2,"exnihilosequentia:oak_sieve":3,"minecraft:cobblestone_slab":12,"minecraft:sand":32,"minecraft:crafting_table":1,"exnihilosequentia:oak_crucible":1,"minecraft:white_bed":4,"minecraft:apple":1,"exnihilosequentia:oak_barrel":1,"minecraft:gravel":67,"minecraft:stone_axe":53,"minecraft:granite_slab":162,"exnihilosequentia:wooden_crook":258,"minecraft:cobblestone":136,"exnihilosequentia:stone_hammer":235,"minecraft:furnace":1,"minecraft:oak_sapling":9,"exnihilosequentia:silkworm":2}},"DataVersion":3465}