{"stats":{"minecraft:crafted":{"exnihilosequentia:oak_crucible":1,"minecraft:oak_slab":6,"minecraft:oak_planks":580,"colossalchests:colossal_chest_wood":1,"minecraft:cobblestone_slab":2,"exnihilosequentia:oak_barrel":1,"minecraft:crafting_table":3,"gtceu:glass_dust":3,"gtceu:iron_mortar":1,"minecraft:furnace":1,"minecraft:stone":12,"minecraft:campfire":1,"minecraft:stone_axe":2,"minecraft:glowstone":1,"minecraft:diorite":58,"minecraft:air":659,"exnihilosequentia:oak_sieve":2,"colossalchests:chest_wall_wood":70,"minecraft:granite":59,"gtceu:quartz_sand_dust":3,"minecraft:white_wool":12,"minecraft:charcoal":3,"minecraft:cobblestone":82,"exnihilosequentia:stone_hammer":1,"toms_storage:ts.storage_terminal":1,"minecraft:comparator":2,"minecraft:flint":3,"minecraft:stick":16,"minecraft:iron_ingot":8,"minecraft:stone_pickaxe":2,"minecraft:chest":3,"woodenbucket:wooden_bucket":1,"minecraft:white_bed":4,"minecraft:redstone_torch":6,"minecraft:andesite":59,"gtceu:tiny_flint_dust":9,"exnihilosequentia:wooden_crook":3,"minecraft:granite_slab":38,"gtceu:flint_dust":3,"exnihilosequentia:string_mesh":2},"minecraft:mined":{"minecraft:white_bed":1,"minecraft:oak_sapling":1,"exnihilosequentia:oak_sieve":1,"exnihilosequentia:infesting_leaves":3,"minecraft:cobblestone":139,"minecraft:granite_slab":3,"minecraft:oak_log":250,"minecraft:gravel":67,"minecraft:sand":32,"minecraft:oak_leaves":62,"exnihilosequentia:infested_leaves":198},"minecraft:dropped":{"minecraft:gravel":5,"exnihilosequentia:granite_pebble":29,"exnihilosequentia:diorite_pebble":26,"minecraft:crafting_table":2,"exnihilosequentia:silkworm":2,"exnihilosequentia:andesite_pebble":30,"minecraft:dirt":1,"exnihilosequentia:stone_pebble":42,"exnihilosequentia:wooden_crook":2,"minecraft:stone_pickaxe":4},"minecraft:picked_up":{"gtceu:tiny_sulfur_dust":6,"exnihilosequentia:andesite_pebble":319,"minecraft:oak_log":254,"minecraft:dirt":1,"gtceu:crushed_sphalerite_ore":16,"minecraft:lapis_lazuli":8,"minecraft:string":477,"exnihilosequentia:dust":32,"minecraft:glass":3,"minecraft:apple":10,"exnihilosequentia:oak_sieve":1,"minecraft:stone_pickaxe":1,"minecraft:glowstone_dust":10,"minecraft:stick":52,"minecraft:quartz":9,"minecraft:gravel":139,"minecraft:sand":67,"minecraft:amethyst_shard":3,"exnihilosequentia:diorite_pebble":327,"minecraft:granite_slab":4,"exnihilosequentia:granite_pebble":334,"minecraft:redstone":12,"exnihilosequentia:stone_pebble":451,"exnihilosequentia:silkworm":229,"gtceu:crushed_copper_ore":38,"gtceu:crushed_tin_ore":13,"exnihilosequentia:wooden_crook":1,"gtceu:crushed_iron_ore":25,"minecraft:diamond":1,"minecraft:emerald":2,"gtceu:crushed_magnetite_ore":15,"minecraft:oak_sapling":126,"minecraft:ender_pearl":3},"minecraft:custom":{"minecraft:interact_with_furnace":24,"minecraft:interact_with_crafting_table":71,"minecraft:interact_with_campfire":3,"minecraft:leave_game":2,"minecraft:time_since_death":113272,"minecraft:sleep_in_bed":9,"minecraft:time_since_rest":12529,"minecraft:sprint_one_cm":4913,"minecraft:damage_taken":60,"minecraft:walk_one_cm":314193,"minecraft:drop":15,"minecraft:swim_one_cm":29,"minecraft:fly_one_cm":1340,"minecraft:crouch_one_cm":26597,"minecraft:open_chest":177,"minecraft:play_time":113272,"minecraft:sneak_time":8674,"minecraft:walk_under_water_one_cm":2458,"minecraft:jump":233,"minecraft:walk_on_water_one_cm":2504,"minecraft:total_world_time":113272,"minecraft:fall_one_cm":2520},"minecraft:broken":{"minecraft:stone_axe":1,"exnihilosequentia:wooden_crook":1},"minecraft:used":{"minecraft:stone_pickaxe":3,"minecraft:chest":2,"exnihilosequentia:oak_sieve":3,"minecraft:cobblestone_slab":12,"minecraft:sand":32,"minecraft:crafting_table":1,"exnihilosequentia:oak_crucible":1,"minecraft:campfire":1,"minecraft:white_bed":4,"minecraft:apple":1,"exnihilosequentia:oak_barrel":1,"minecraft:gravel":67,"minecraft:stone_axe":234,"minecraft:granite_slab":162,"exnihilosequentia:wooden_crook":258,"minecraft:cobblestone":139,"exnihilosequentia:stone_hammer":238,"minecraft:furnace":1,"minecraft:oak_sapling":40,"exnihilosequentia:silkworm":2}},"DataVersion":3465}