{"stats":{"minecraft:picked_up":{"gtceu:tiny_sulfur_dust":6,"exnihilosequentia:oak_crucible":1,"exnihilosequentia:andesite_pebble":359,"minecraft:string":1122,"create:mechanical_press":2,"exnihilosequentia:oak_sieve":5,"minecraft:cobblestone_slab":5,"minecraft:furnace":2,"minecraft:stick":222,"minecraft:torch":2,"create:andesite_casing":28,"minecraft:diorite":791,"thermal:flax_seeds":1,"create:large_cogwheel":2,"exnihilosequentia:wooden_crook":1,"minecraft:rotten_flesh":9,"toms_storage:ts.inventory_connector":2,"colossalchests:colossal_chest_wood":1,"minecraft:cobblestone":1184,"minecraft:polished_diorite_slab":7,"minecraft:jungle_log":8,"minecraft:andesite":835,"minecraft:potato":1,"exnihilosequentia:string_mesh":2,"minecraft:lapis_lazuli":24,"minecraft:dirt":266,"create:encased_chain_drive":4,"exnihilosequentia:fired_crucible":1,"minecraft:glass":12,"minecraft:wheat_seeds":1,"create:mechanical_drill":2,"gtceu:iron_mortar":1,"create:goggles":1,"exnihilosequentia:grass_seeds":1,"minecraft:rabbit":2,"minecraft:glowstone_dust":10,"create:cogwheel":9,"exnihilosequentia:tuff_pebble":7,"minecraft:sand":565,"minecraft:granite_slab":18,"exnihilosequentia:silkworm":394,"thermal:rubber":1,"minecraft:clay":136,"thermal:device_tree_extractor":1,"minecraft:diamond":1,"minecraft:lever":3,"minecraft:polished_granite_slab":1,"minecraft:granite":896,"minecraft:bone_meal":12,"minecraft:emerald":2,"minecraft:oak_sapling":392,"minecraft:oak_leaves":238,"minecraft:cocoa_beans":1,"functionalstorage:oak_1":2,"minecraft:mud":2,"minecraft:crafting_table":3,"gtceu:wrought_iron_ingot":28,"minecraft:clay_ball":836,"toms_storage:ts.storage_terminal":6,"minecraft:diorite_slab":337,"gtceu:crushed_sphalerite_ore":92,"create:fluid_pipe":6,"exnihilosequentia:dust":489,"create:chute":4,"minecraft:jungle_sapling":1,"colossalchests:chest_wall_wood":102,"minecraft:sugar_cane":22,"minecraft:chest":4,"minecraft:birch_sapling":1,"exnihilosequentia:diorite_pebble":367,"exnihilosequentia:granite_pebble":494,"minecraft:redstone":12,"exnihilosequentia:stone_pebble":502,"gtceu:crushed_copper_ore":284,"gtceu:crushed_tin_ore":106,"minecraft:beetroot_seeds":3,"exnihilosequentia:dripstone_pebble":1,"exnihilosequentia:stone_barrel":2,"gtceu:firebricks":1,"exnihilosequentia:basalt_pebble":1,"minecraft:oak_log":747,"minecraft:gunpowder":1,"minecraft:cobblestone_stairs":1,"minecraft:apple":49,"minecraft:rabbit_hide":1,"create:adjustable_chain_gearshift":5,"minecraft:iron_ingot":1,"minecraft:stone_pickaxe":1,"minecraft:acacia_sapling":1,"minecraft:oak_slab":3,"thermal:fluid_cell":1,"create:large_water_wheel":5,"minecraft:quartz":9,"minecraft:gravel":920,"minecraft:amethyst_shard":3,"gtceu:red_alloy_ingot":6,"minecraft:white_bed":1,"minecraft:spider_eye":1,"exnihilosequentia:oak_barrel":13,"minecraft:leather_helmet":1,"minecraft:pumpkin_seeds":3,"gtceu:crushed_iron_ore":391,"minecraft:polished_diorite":256,"minecraft:stone_axe":1,"gtceu:crushed_magnetite_ore":109,"minecraft:melon_seeds":6,"minecraft:ender_pearl":4},"minecraft:killed_by":{"minecraft:creeper":2,"minecraft:zombie":2,"minecraft:slime":1},"minecraft:dropped":{"exnihilosequentia:mycelium_spores":2,"gtceu:iron_plate":4,"exnihilosequentia:granite_pebble":229,"minecraft:lapis_lazuli":24,"minecraft:oak_log":26,"exnihilosequentia:diorite_pebble":124,"minecraft:ender_pearl":2,"minecraft:crafting_table":3,"gtceu:flint_dust":2,"thermal:flax_seeds":1,"minecraft:emerald":2,"minecraft:dirt":3,"minecraft:amethyst_shard":3,"create:goggles":1,"gtceu:tiny_flint_dust":6,"gtceu:iron_mortar":2,"minecraft:diorite_slab":263,"minecraft:gravel":79,"exnihilosequentia:deepslate_pebble":2,"minecraft:oak_planks":2,"minecraft:glowstone_dust":6,"exnihilosequentia:silkworm":344,"gtceu:crushed_copper_ore":94,"exnihilosequentia:crushed_andesite":13,"minecraft:charcoal":1,"minecraft:melon_seeds":1,"minecraft:chest":4,"exnihilosequentia:stone_pebble":73,"exnihilosequentia:dripstone_pebble":1,"exnihilosequentia:wooden_crook":2,"gtceu:red_alloy_ingot":1,"minecraft:glass":2,"minecraft:quartz":6,"kubejs:coin":39,"minecraft:iron_ingot":5,"create:rose_quartz":3,"minecraft:oak_slab":6,"exnihilosequentia:crushed_diorite":10,"minecraft:wheat_seeds":1,"minecraft:cobblestone":1308,"gtceu:crushed_iron_ore":42,"minecraft:apple":22,"minecraft:granite":64,"gtceu:crushed_magnetite_ore":22,"gtceu:crushed_tin_ore":15,"exnihilosequentia:andesite_pebble":62,"minecraft:stick":62,"minecraft:diorite":9,"exnihilosequentia:blackstone_pebble":2,"exnihilosequentia:dust":1,"minecraft:granite_slab":81,"minecraft:mud":2,"minecraft:cactus":1,"minecraft:string":905,"minecraft:redstone":3,"minecraft:furnace":2,"gtceu:tiny_sulfur_dust":6,"thermal:rubber":4,"minecraft:pumpkin_seeds":1,"gtceu:crushed_sphalerite_ore":19,"woodenbucket:wooden_bucket":1,"minecraft:stone":1,"exnihilosequentia:calcite_pebble":1,"exnihilosequentia:crushed_granite":1,"minecraft:andesite":1199,"minecraft:oak_sapling":70,"minecraft:spider_eye":1,"gtceu:sulfur_dust":1,"minecraft:stone_pickaxe":5},"minecraft:broken":{"minecraft:shears":1,"exnihilosequentia:wooden_crook":2,"exnihilosequentia:stone_hammer":3,"minecraft:stone_axe":6,"gtceu:iron_mortar":2,"exnihilosequentia:iron_hammer":1},"minecraft:mined":{"minecraft:polished_granite_slab":4,"minecraft:white_bed":1,"minecraft:oak_sapling":1,"minecraft:cobblestone_stairs":1,"create:andesite_casing":28,"exnihilosequentia:oak_sieve":5,"minecraft:grass_block":3,"minecraft:jungle_log":8,"toms_storage:ts.storage_terminal":6,"minecraft:granite_slab":5,"exnihilosequentia:oak_barrel":13,"toms_storage:ts.inventory_connector":2,"colossalchests:chest_wall_wood":102,"create:mechanical_press":2,"minecraft:tripwire":23,"create:cogwheel":9,"create:adjustable_chain_gearshift":5,"minecraft:clay":209,"minecraft:chest":4,"minecraft:polished_diorite_slab":13,"minecraft:cobblestone":854,"minecraft:sugar_cane":13,"minecraft:wall_torch":1,"create:large_water_wheel":5,"exnihilosequentia:oak_crucible":1,"minecraft:oak_log":720,"minecraft:sand":487,"minecraft:dirt":12,"create:encased_chain_drive":4,"minecraft:oak_leaves":356,"exnihilosequentia:infested_leaves":421,"functionalstorage:oak_1":2,"gravestone:gravestone":17,"create:large_cogwheel":2,"colossalchests:colossal_chest_wood":1,"gtceu:firebricks":1,"minecraft:diorite_slab":86,"minecraft:furnace":2,"thermal:device_tree_extractor":1,"create:chute":4,"minecraft:oak_slab":2,"exnihilosequentia:dust":2,"minecraft:crafting_table":3,"create:fluid_pipe":6,"exnihilosequentia:stone_barrel":2,"exnihilosequentia:infesting_leaves":5,"exnihilosequentia:fired_crucible":1,"create:mechanical_drill":2,"minecraft:gravel":567,"thermal:fluid_cell":1},"minecraft:crafted":{"minecraft:brick":528,"gtceu:wrought_iron_rod":5,"minecraft:oak_planks":1020,"gtceu:vacuum_tube":2,"colossalchests:colossal_chest_wood":1,"minecraft:cobblestone_slab":2,"minecraft:barrel":1,"gtceu:steel_plate":10,"gtceu:lv_machine_hull":1,"gtceu:wrought_iron_bolt":4,"gtceu:iron_saw":1,"minecraft:stone":32,"minecraft:lever":3,"exnihilosequentia:unfired_crucible":1,"gtceu:glass_tube":2,"gtceu:brick_wooden_form":1,"gtceu:tin_ingot":8,"colossalchests:chest_wall_wood":98,"exnihilosequentia:stone_barrel":1,"minecraft:granite":93,"minecraft:hopper":8,"gtceu:quartz_sand_dust":12,"gtceu:clay_dust":132,"create:mechanical_press":1,"gtceu:lv_machine_casing":1,"toms_storage:ts.storage_terminal":1,"minecraft:comparator":3,"minecraft:chest":24,"minecraft:bricks":132,"thermal:fluid_cell_frame":1,"create:cogwheel":8,"gtceu:resin_printed_circuit_board":1,"minecraft:oak_slab":48,"toms_storage:ts.crafting_terminal":1,"create:depot":1,"gtceu:bronze_dust":4,"create:rose_quartz":3,"gtceu:fine_copper_wire":2,"minecraft:crafting_table":9,"farmersdelight:iron_knife":1,"create:adjustable_chain_gearshift":3,"create:fluid_pipe":12,"gtceu:primitive_blast_furnace":1,"gtceu:iron_screw":1,"exnihilosequentia:fired_crucible":1,"minecraft:copper_ingot":64,"create:sand_paper":1,"gtceu:wood_plate":2,"minecraft:campfire":2,"create:encased_chain_drive":6,"minecraft:diorite":61,"gtceu:copper_single_wire":14,"gtceu:copper_foil":4,"thermal:redstone_servo":1,"create:water_wheel":5,"exnihilosequentia:stone_hammer":5,"minecraft:paper":3,"minecraft:charcoal":455,"gtceu:sticky_resin":16,"minecraft:stick":24,"minecraft:stone_slab":6,"create:mechanical_pump":1,"minecraft:iron_ingot":301,"minecraft:iron_block":1,"create:large_cogwheel":2,"woodenbucket:wooden_bucket":2,"minecraft:redstone_torch":9,"gtceu:iron_wire_cutter":1,"minecraft:shears":1,"gtceu:empty_wooden_form":1,"gtceu:steel_rod":2,"gtceu:brick_dust":132,"create:chute":4,"minecraft:coarse_dirt":32,"exnihilosequentia:oak_crucible":1,"gtceu:small_iron_gear":8,"minecraft:iron_nugget":72,"gtceu:steel_bolt":4,"gtceu:resistor":2,"gtceu:iron_screwdriver":1,"exnihilosequentia:porcelain_clay":7,"gtceu:iron_wrench":1,"gtceu:zinc_ingot":52,"minecraft:furnace":3,"gtceu:iron_hammer":1,"gtceu:red_alloy_single_wire":3,"gtceu:wrought_iron_screw":2,"gtceu:firebrick":264,"minecraft:glass_pane":12,"exnihilosequentia:oak_sieve":23,"minecraft:flint_and_steel":1,"gtceu:tin_single_wire":3,"gtceu:iron_bolt":2,"gtceu:compressed_fireclay":201,"gtceu:iron_rod":25,"minecraft:slime_ball":16,"gtceu:iron_file":1,"create:fluid_tank":1,"minecraft:stone_pickaxe":5,"gtceu:bronze_ingot":8,"exnihilosequentia:iron_hammer":2,"toms_storage:ts.inventory_connector":1,"create:electron_tube":3,"exnihilosequentia:wooden_crook":6,"gtceu:flint_dust":3,"functionalstorage:oak_1":1,"gtceu:iron_gear":1,"create:andesite_alloy":9,"exnihilosequentia:oak_barrel":7,"gtceu:resin_circuit_board":2,"gtceu:copper_dust":12,"gtceu:glass_dust":12,"gtceu:iron_mortar":3,"gtceu:red_alloy_single_cable":1,"create:goggles":1,"create:large_water_wheel":5,"minecraft:bucket":2,"minecraft:stone_axe":10,"minecraft:glowstone":1,"minecraft:air":2455,"gtceu:tin_dust":4,"gtceu:tin_single_cable":3,"gtceu:firebricks":66,"minecraft:white_wool":12,"minecraft:cobblestone":97,"gtceu:charcoal_dust":1,"minecraft:flint":8,"thermal:device_tree_extractor":1,"minecraft:white_bed":4,"create:mechanical_drill":1,"create:shaft":24,"minecraft:andesite":62,"minecraft:torch":4,"minecraft:diorite_slab":6,"thermal:rubber":1,"minecraft:granite_slab":54,"gtceu:tiny_flint_dust":18,"minecraft:clay":73,"gtceu:fireclay_dust":133,"exnihilosequentia:string_mesh":27},"minecraft:custom":{"minecraft:interact_with_crafting_table":291,"minecraft:leave_game":4,"minecraft:time_since_death":15759,"minecraft:sprint_one_cm":371659,"minecraft:drop":195,"minecraft:play_time":590743,"minecraft:deaths":16,"minecraft:jump":2600,"minecraft:walk_on_water_one_cm":30715,"minecraft:interact_with_furnace":425,"minecraft:sleep_in_bed":25,"minecraft:damage_dealt":3041,"minecraft:crouch_one_cm":83261,"minecraft:mob_kills":21,"minecraft:inspect_hopper":4,"minecraft:interact_with_campfire":40,"minecraft:walk_one_cm":1583955,"minecraft:sneak_time":32686,"minecraft:walk_under_water_one_cm":14629,"minecraft:total_world_time":590743,"minecraft:time_since_rest":15784,"minecraft:damage_taken":4226,"minecraft:swim_one_cm":132345,"minecraft:fly_one_cm":132206,"minecraft:open_chest":465,"minecraft:fall_one_cm":49306},"minecraft:killed":{"minecraft:spider":1,"minecraft:zombie":2,"minecraft:husk":11,"minecraft:enderman":2},"minecraft:used":{"minecraft:chest":16,"toms_storage:ts.storage_terminal":6,"gtceu:firebricks":33,"create:cogwheel":21,"exnihilosequentia:oak_crucible":2,"create:depot":1,"minecraft:jungle_sapling":2,"minecraft:lava_bucket":2,"gtceu:primitive_blast_furnace":1,"minecraft:furnace":4,"minecraft:oak_sapling":126,"create:mechanical_drill":2,"minecraft:stone_pickaxe":185,"toms_storage:ts.inventory_connector":2,"minecraft:polished_diorite_slab":6,"exnihilosequentia:stone_barrel":2,"minecraft:clay":83,"exnihilosequentia:oak_sieve":28,"minecraft:sugar_cane":4,"colossalchests:chest_wall_wood":199,"minecraft:oak_leaves":238,"minecraft:sand":170,"minecraft:shears":238,"minecraft:lever":4,"thermal:device_tree_extractor":2,"minecraft:string":23,"create:adjustable_chain_gearshift":8,"create:andesite_casing":3,"minecraft:gravel":212,"exnihilosequentia:dust":2,"minecraft:granite_slab":162,"exnihilosequentia:andesite_hammer":180,"exnihilosequentia:stone_hammer":1145,"functionalstorage:oak_1":3,"exnihilosequentia:silkworm":4,"minecraft:diorite_slab":207,"create:large_cogwheel":3,"minecraft:torch":6,"create:mechanical_pump":2,"minecraft:dirt":144,"minecraft:hopper":8,"toms_storage:ts.crafting_terminal":1,"create:chute":4,"minecraft:jungle_log":1,"create:encased_chain_drive":7,"exnihilosequentia:wooden_crook":537,"thermal:fluid_cell":1,"create:fluid_pipe":12,"exnihilosequentia:fired_crucible":2,"minecraft:water_bucket":9,"minecraft:cobblestone_slab":12,"thermal:fluid_cell_frame":1,"minecraft:oak_slab":15,"minecraft:crafting_table":4,"minecraft:white_bed":5,"minecraft:campfire":2,"minecraft:oak_log":25,"exnihilosequentia:iron_hammer":564,"minecraft:apple":1,"exnihilosequentia:oak_barrel":19,"create:mechanical_press":3,"minecraft:leather_helmet":1,"create:large_water_wheel":10,"colossalchests:colossal_chest_wood":2,"minecraft:stone_axe":900,"minecraft:cobblestone":480,"minecraft:bucket":110}},"DataVersion":3465}