{"stats":{"minecraft:killed_by":{"minecraft:creeper":1,"minecraft:zombie":2},"minecraft:crafted":{"minecraft:brick":272,"gtceu:wrought_iron_rod":5,"minecraft:oak_planks":980,"colossalchests:colossal_chest_wood":1,"minecraft:cobblestone_slab":2,"gtceu:wrought_iron_bolt":4,"gtceu:iron_saw":1,"minecraft:stone":21,"exnihilosequentia:unfired_crucible":1,"gtceu:brick_wooden_form":1,"colossalchests:chest_wall_wood":98,"minecraft:granite":93,"gtceu:quartz_sand_dust":3,"gtceu:clay_dust":68,"create:mechanical_press":1,"toms_storage:ts.storage_terminal":1,"minecraft:comparator":3,"minecraft:chest":12,"minecraft:bricks":68,"create:cogwheel":8,"gtceu:resin_printed_circuit_board":1,"minecraft:oak_slab":42,"toms_storage:ts.crafting_terminal":1,"create:depot":1,"gtceu:fine_copper_wire":2,"minecraft:crafting_table":9,"farmersdelight:iron_knife":1,"create:fluid_pipe":12,"gtceu:primitive_blast_furnace":1,"gtceu:iron_screw":1,"exnihilosequentia:fired_crucible":1,"minecraft:copper_ingot":64,"gtceu:wood_plate":2,"minecraft:campfire":2,"minecraft:diorite":61,"gtceu:copper_single_wire":8,"gtceu:copper_foil":4,"thermal:redstone_servo":1,"exnihilosequentia:stone_hammer":3,"minecraft:paper":3,"minecraft:charcoal":327,"create:water_wheel":5,"gtceu:sticky_resin":16,"minecraft:stick":24,"create:mechanical_pump":1,"minecraft:iron_ingot":145,"minecraft:iron_block":1,"create:large_cogwheel":2,"woodenbucket:wooden_bucket":2,"minecraft:redstone_torch":9,"gtceu:iron_wire_cutter":1,"minecraft:shears":1,"gtceu:empty_wooden_form":1,"gtceu:brick_dust":68,"create:chute":4,"minecraft:coarse_dirt":32,"exnihilosequentia:oak_crucible":1,"minecraft:iron_nugget":45,"gtceu:resistor":2,"exnihilosequentia:porcelain_clay":7,"gtceu:iron_screwdriver":1,"gtceu:iron_wrench":1,"minecraft:furnace":3,"gtceu:iron_hammer":1,"gtceu:wrought_iron_screw":2,"gtceu:firebrick":136,"exnihilosequentia:oak_sieve":23,"gtceu:iron_bolt":2,"gtceu:compressed_fireclay":136,"gtceu:iron_rod":9,"minecraft:slime_ball":16,"gtceu:iron_file":1,"minecraft:stone_pickaxe":5,"toms_storage:ts.inventory_connector":1,"exnihilosequentia:wooden_crook":6,"gtceu:flint_dust":3,"functionalstorage:oak_1":1,"gtceu:iron_gear":1,"create:andesite_alloy":9,"exnihilosequentia:oak_barrel":7,"gtceu:resin_circuit_board":2,"gtceu:glass_dust":3,"gtceu:iron_mortar":2,"create:goggles":1,"create:large_water_wheel":5,"minecraft:bucket":1,"minecraft:stone_axe":10,"minecraft:glowstone":1,"minecraft:air":1945,"gtceu:firebricks":34,"minecraft:white_wool":12,"minecraft:cobblestone":97,"gtceu:charcoal_dust":1,"minecraft:flint":3,"minecraft:white_bed":4,"create:mechanical_drill":1,"create:shaft":24,"minecraft:andesite":62,"minecraft:diorite_slab":6,"minecraft:torch":4,"minecraft:granite_slab":54,"gtceu:tiny_flint_dust":9,"minecraft:clay":9,"gtceu:fireclay_dust":68,"exnihilosequentia:string_mesh":27},"minecraft:dropped":{"exnihilosequentia:mycelium_spores":2,"exnihilosequentia:granite_pebble":229,"minecraft:lapis_lazuli":24,"minecraft:oak_log":26,"exnihilosequentia:diorite_pebble":124,"minecraft:ender_pearl":2,"minecraft:crafting_table":3,"gtceu:flint_dust":2,"thermal:flax_seeds":1,"minecraft:emerald":2,"minecraft:dirt":3,"minecraft:amethyst_shard":3,"create:goggles":1,"gtceu:tiny_flint_dust":6,"minecraft:diorite_slab":263,"minecraft:gravel":79,"exnihilosequentia:deepslate_pebble":2,"exnihilosequentia:silkworm":344,"minecraft:glowstone_dust":6,"gtceu:crushed_copper_ore":94,"exnihilosequentia:crushed_andesite":13,"minecraft:charcoal":1,"minecraft:melon_seeds":1,"minecraft:chest":4,"exnihilosequentia:stone_pebble":73,"exnihilosequentia:wooden_crook":2,"exnihilosequentia:dripstone_pebble":1,"minecraft:glass":2,"minecraft:quartz":6,"kubejs:coin":39,"minecraft:iron_ingot":5,"minecraft:oak_slab":6,"exnihilosequentia:crushed_diorite":10,"minecraft:wheat_seeds":1,"minecraft:cobblestone":1308,"gtceu:crushed_iron_ore":42,"minecraft:apple":22,"minecraft:granite":64,"gtceu:crushed_magnetite_ore":22,"gtceu:crushed_tin_ore":15,"exnihilosequentia:andesite_pebble":62,"minecraft:stick":62,"minecraft:diorite":9,"exnihilosequentia:blackstone_pebble":2,"exnihilosequentia:dust":1,"minecraft:granite_slab":81,"minecraft:mud":2,"minecraft:cactus":1,"minecraft:string":905,"minecraft:redstone":3,"minecraft:furnace":2,"gtceu:tiny_sulfur_dust":6,"minecraft:pumpkin_seeds":1,"gtceu:crushed_sphalerite_ore":19,"woodenbucket:wooden_bucket":1,"minecraft:stone":1,"exnihilosequentia:calcite_pebble":1,"exnihilosequentia:crushed_granite":1,"minecraft:andesite":1199,"minecraft:oak_sapling":70,"minecraft:spider_eye":1,"minecraft:stone_pickaxe":5},"minecraft:mined":{"minecraft:polished_granite_slab":4,"minecraft:white_bed":1,"minecraft:oak_sapling":1,"create:andesite_casing":28,"exnihilosequentia:oak_sieve":5,"minecraft:grass_block":3,"toms_storage:ts.storage_terminal":6,"minecraft:granite_slab":5,"exnihilosequentia:oak_barrel":13,"toms_storage:ts.inventory_connector":2,"colossalchests:chest_wall_wood":102,"create:mechanical_press":2,"minecraft:tripwire":23,"create:cogwheel":7,"minecraft:clay":81,"minecraft:chest":4,"minecraft:polished_diorite_slab":13,"minecraft:cobblestone":474,"minecraft:sugar_cane":5,"minecraft:wall_torch":1,"create:large_water_wheel":5,"exnihilosequentia:oak_crucible":1,"minecraft:oak_log":720,"minecraft:sand":168,"minecraft:dirt":11,"minecraft:oak_leaves":356,"exnihilosequentia:infested_leaves":421,"functionalstorage:oak_1":2,"gravestone:gravestone":12,"create:large_cogwheel":1,"colossalchests:colossal_chest_wood":1,"gtceu:firebricks":1,"minecraft:diorite_slab":44,"minecraft:furnace":2,"create:chute":2,"minecraft:oak_slab":2,"exnihilosequentia:dust":2,"minecraft:crafting_table":3,"create:fluid_pipe":5,"exnihilosequentia:infesting_leaves":5,"exnihilosequentia:fired_crucible":1,"create:mechanical_drill":1,"minecraft:gravel":207},"minecraft:picked_up":{"gtceu:tiny_sulfur_dust":6,"exnihilosequentia:oak_crucible":1,"exnihilosequentia:andesite_pebble":359,"minecraft:string":1122,"create:mechanical_press":2,"exnihilosequentia:oak_sieve":5,"minecraft:furnace":2,"minecraft:stick":219,"minecraft:torch":2,"create:andesite_casing":28,"minecraft:diorite":543,"thermal:flax_seeds":1,"exnihilosequentia:wooden_crook":1,"create:large_cogwheel":1,"minecraft:rotten_flesh":8,"toms_storage:ts.inventory_connector":2,"colossalchests:colossal_chest_wood":1,"minecraft:cobblestone":863,"minecraft:polished_diorite_slab":7,"minecraft:andesite":579,"minecraft:potato":1,"exnihilosequentia:string_mesh":2,"minecraft:lapis_lazuli":24,"minecraft:dirt":264,"exnihilosequentia:fired_crucible":1,"minecraft:glass":3,"minecraft:wheat_seeds":1,"create:mechanical_drill":1,"create:goggles":1,"exnihilosequentia:grass_seeds":1,"minecraft:rabbit":1,"minecraft:glowstone_dust":10,"create:cogwheel":7,"exnihilosequentia:tuff_pebble":7,"minecraft:sand":205,"minecraft:granite_slab":18,"exnihilosequentia:silkworm":394,"minecraft:clay":136,"minecraft:diamond":1,"minecraft:polished_granite_slab":1,"minecraft:granite":640,"minecraft:bone_meal":12,"minecraft:emerald":2,"minecraft:oak_sapling":392,"minecraft:oak_leaves":238,"functionalstorage:oak_1":2,"minecraft:mud":2,"minecraft:cocoa_beans":1,"minecraft:crafting_table":3,"gtceu:wrought_iron_ingot":28,"minecraft:clay_ball":324,"toms_storage:ts.storage_terminal":6,"minecraft:diorite_slab":294,"gtceu:crushed_sphalerite_ore":58,"create:fluid_pipe":5,"exnihilosequentia:dust":170,"create:chute":2,"minecraft:chest":4,"minecraft:sugar_cane":9,"colossalchests:chest_wall_wood":102,"minecraft:birch_sapling":1,"exnihilosequentia:diorite_pebble":367,"exnihilosequentia:granite_pebble":494,"minecraft:redstone":12,"exnihilosequentia:stone_pebble":502,"gtceu:crushed_copper_ore":195,"gtceu:crushed_tin_ore":61,"minecraft:beetroot_seeds":3,"exnihilosequentia:dripstone_pebble":1,"gtceu:firebricks":1,"exnihilosequentia:basalt_pebble":1,"minecraft:oak_log":743,"minecraft:gunpowder":1,"minecraft:apple":49,"minecraft:iron_ingot":1,"minecraft:stone_pickaxe":1,"minecraft:acacia_sapling":1,"minecraft:oak_slab":3,"create:large_water_wheel":5,"minecraft:quartz":9,"minecraft:gravel":510,"minecraft:amethyst_shard":3,"minecraft:white_bed":1,"minecraft:spider_eye":1,"exnihilosequentia:oak_barrel":13,"minecraft:pumpkin_seeds":3,"gtceu:crushed_iron_ore":122,"minecraft:stone_axe":1,"minecraft:polished_diorite":256,"gtceu:crushed_magnetite_ore":64,"minecraft:melon_seeds":6,"minecraft:ender_pearl":4},"minecraft:custom":{"minecraft:interact_with_crafting_table":215,"minecraft:leave_game":4,"minecraft:time_since_death":30036,"minecraft:sprint_one_cm":222641,"minecraft:drop":181,"minecraft:play_time":466325,"minecraft:deaths":11,"minecraft:jump":1887,"minecraft:walk_on_water_one_cm":20592,"minecraft:interact_with_furnace":253,"minecraft:sleep_in_bed":24,"minecraft:damage_dealt":2704,"minecraft:crouch_one_cm":74692,"minecraft:mob_kills":19,"minecraft:interact_with_campfire":31,"minecraft:walk_one_cm":1265287,"minecraft:sneak_time":29598,"minecraft:walk_under_water_one_cm":14629,"minecraft:total_world_time":466325,"minecraft:time_since_rest":30063,"minecraft:damage_taken":3031,"minecraft:swim_one_cm":132345,"minecraft:fly_one_cm":79078,"minecraft:open_chest":405,"minecraft:fall_one_cm":30809},"minecraft:broken":{"minecraft:shears":1,"exnihilosequentia:wooden_crook":2,"exnihilosequentia:stone_hammer":1,"minecraft:stone_axe":6,"gtceu:iron_mortar":1},"minecraft:killed":{"minecraft:spider":1,"minecraft:zombie":1,"minecraft:husk":10,"minecraft:enderman":2},"minecraft:used":{"minecraft:chest":12,"toms_storage:ts.storage_terminal":6,"gtceu:firebricks":33,"create:cogwheel":20,"exnihilosequentia:oak_crucible":2,"create:depot":1,"minecraft:lava_bucket":1,"gtceu:primitive_blast_furnace":1,"minecraft:furnace":4,"minecraft:oak_sapling":126,"create:mechanical_drill":2,"minecraft:stone_pickaxe":134,"toms_storage:ts.inventory_connector":2,"minecraft:polished_diorite_slab":6,"exnihilosequentia:oak_sieve":28,"minecraft:clay":81,"minecraft:sugar_cane":4,"colossalchests:chest_wall_wood":199,"minecraft:oak_leaves":238,"minecraft:sand":168,"minecraft:shears":238,"minecraft:string":23,"create:andesite_casing":3,"minecraft:gravel":210,"exnihilosequentia:dust":2,"minecraft:granite_slab":162,"exnihilosequentia:andesite_hammer":180,"exnihilosequentia:stone_hammer":650,"functionalstorage:oak_1":3,"exnihilosequentia:silkworm":4,"minecraft:diorite_slab":193,"create:large_cogwheel":3,"minecraft:torch":6,"minecraft:dirt":144,"create:mechanical_pump":2,"toms_storage:ts.crafting_terminal":1,"create:chute":3,"exnihilosequentia:wooden_crook":537,"create:fluid_pipe":11,"exnihilosequentia:fired_crucible":2,"minecraft:water_bucket":9,"minecraft:cobblestone_slab":12,"minecraft:crafting_table":4,"minecraft:oak_slab":15,"minecraft:campfire":2,"minecraft:white_bed":5,"minecraft:oak_log":25,"minecraft:apple":1,"exnihilosequentia:oak_barrel":19,"create:mechanical_press":3,"create:large_water_wheel":10,"colossalchests:colossal_chest_wood":2,"minecraft:stone_axe":877,"minecraft:cobblestone":474,"minecraft:bucket":108}},"DataVersion":3465}