{"stats":{"minecraft:killed_by":{"minecraft:creeper":1,"minecraft:zombie":1},"minecraft:crafted":{"create:chute":4,"minecraft:coarse_dirt":32,"exnihilosequentia:oak_crucible":1,"minecraft:oak_planks":980,"colossalchests:colossal_chest_wood":1,"minecraft:cobblestone_slab":2,"minecraft:iron_nugget":45,"gtceu:resistor":2,"gtceu:iron_screwdriver":1,"exnihilosequentia:porcelain_clay":7,"gtceu:iron_wrench":1,"gtceu:iron_saw":1,"minecraft:furnace":3,"gtceu:iron_hammer":1,"minecraft:stone":15,"exnihilosequentia:unfired_crucible":1,"exnihilosequentia:oak_sieve":23,"colossalchests:chest_wall_wood":98,"minecraft:granite":93,"gtceu:iron_bolt":2,"gtceu:quartz_sand_dust":3,"gtceu:iron_rod":5,"create:mechanical_press":1,"minecraft:slime_ball":16,"toms_storage:ts.storage_terminal":1,"minecraft:comparator":3,"gtceu:iron_file":1,"minecraft:stone_pickaxe":5,"minecraft:chest":8,"toms_storage:ts.inventory_connector":1,"create:cogwheel":6,"exnihilosequentia:wooden_crook":6,"gtceu:flint_dust":3,"functionalstorage:oak_1":1,"gtceu:resin_printed_circuit_board":1,"create:depot":1,"minecraft:oak_slab":30,"create:andesite_alloy":9,"gtceu:resin_circuit_board":2,"exnihilosequentia:oak_barrel":3,"gtceu:fine_copper_wire":2,"minecraft:crafting_table":4,"farmersdelight:iron_knife":1,"gtceu:glass_dust":3,"gtceu:iron_mortar":1,"gtceu:iron_screw":1,"create:goggles":1,"create:large_water_wheel":5,"exnihilosequentia:fired_crucible":1,"minecraft:copper_ingot":64,"minecraft:bucket":1,"gtceu:wood_plate":2,"minecraft:campfire":2,"minecraft:stone_axe":9,"minecraft:glowstone":1,"minecraft:diorite":61,"minecraft:air":1605,"gtceu:copper_single_wire":8,"gtceu:copper_foil":4,"minecraft:paper":3,"create:water_wheel":5,"minecraft:white_wool":12,"minecraft:cobblestone":97,"minecraft:charcoal":199,"exnihilosequentia:stone_hammer":1,"gtceu:charcoal_dust":1,"gtceu:sticky_resin":16,"create:mechanical_drill":1,"minecraft:stick":24,"minecraft:flint":3,"minecraft:iron_ingot":72,"create:large_cogwheel":2,"minecraft:iron_block":1,"create:shaft":24,"woodenbucket:wooden_bucket":2,"minecraft:white_bed":4,"minecraft:redstone_torch":9,"minecraft:andesite":62,"gtceu:iron_wire_cutter":1,"minecraft:torch":4,"minecraft:diorite_slab":6,"minecraft:granite_slab":54,"minecraft:shears":1,"gtceu:tiny_flint_dust":9,"exnihilosequentia:string_mesh":27},"minecraft:dropped":{"minecraft:iron_ingot":5,"exnihilosequentia:mycelium_spores":2,"minecraft:oak_slab":6,"exnihilosequentia:granite_pebble":229,"minecraft:wheat_seeds":1,"exnihilosequentia:crushed_diorite":10,"minecraft:lapis_lazuli":24,"minecraft:oak_log":26,"exnihilosequentia:diorite_pebble":124,"minecraft:ender_pearl":2,"minecraft:crafting_table":3,"minecraft:cobblestone":1308,"gtceu:crushed_iron_ore":42,"minecraft:apple":22,"gtceu:flint_dust":2,"minecraft:granite":64,"gtceu:crushed_magnetite_ore":22,"gtceu:crushed_tin_ore":15,"exnihilosequentia:andesite_pebble":62,"minecraft:emerald":2,"minecraft:stick":62,"thermal:flax_seeds":1,"minecraft:dirt":3,"minecraft:diorite":9,"exnihilosequentia:blackstone_pebble":2,"exnihilosequentia:dust":1,"minecraft:amethyst_shard":3,"minecraft:granite_slab":81,"create:goggles":1,"gtceu:tiny_flint_dust":6,"minecraft:mud":2,"minecraft:cactus":1,"minecraft:string":905,"minecraft:diorite_slab":263,"minecraft:redstone":3,"minecraft:gravel":79,"minecraft:furnace":2,"exnihilosequentia:deepslate_pebble":2,"gtceu:tiny_sulfur_dust":6,"minecraft:glowstone_dust":6,"exnihilosequentia:silkworm":344,"gtceu:crushed_copper_ore":94,"minecraft:pumpkin_seeds":1,"gtceu:crushed_sphalerite_ore":19,"woodenbucket:wooden_bucket":1,"exnihilosequentia:crushed_andesite":13,"minecraft:stone":1,"exnihilosequentia:calcite_pebble":1,"exnihilosequentia:crushed_granite":1,"minecraft:charcoal":1,"minecraft:andesite":1199,"minecraft:melon_seeds":1,"minecraft:chest":4,"minecraft:oak_sapling":70,"exnihilosequentia:stone_pebble":73,"minecraft:spider_eye":1,"exnihilosequentia:dripstone_pebble":1,"exnihilosequentia:wooden_crook":2,"minecraft:stone_pickaxe":5,"minecraft:glass":2,"minecraft:quartz":6,"kubejs:coin":39},"minecraft:mined":{"minecraft:polished_granite_slab":4,"minecraft:white_bed":1,"minecraft:oak_sapling":1,"create:andesite_casing":28,"functionalstorage:oak_1":2,"gravestone:gravestone":9,"exnihilosequentia:oak_sieve":5,"minecraft:grass_block":3,"create:large_cogwheel":1,"colossalchests:colossal_chest_wood":1,"minecraft:diorite_slab":44,"minecraft:furnace":2,"toms_storage:ts.storage_terminal":5,"minecraft:granite_slab":5,"exnihilosequentia:oak_barrel":3,"toms_storage:ts.inventory_connector":2,"create:chute":2,"colossalchests:chest_wall_wood":102,"create:mechanical_press":2,"minecraft:tripwire":23,"minecraft:oak_slab":1,"create:cogwheel":7,"minecraft:clay":4,"minecraft:crafting_table":2,"minecraft:chest":4,"exnihilosequentia:infesting_leaves":5,"minecraft:polished_diorite_slab":13,"exnihilosequentia:fired_crucible":1,"minecraft:cobblestone":336,"create:large_water_wheel":5,"create:mechanical_drill":1,"exnihilosequentia:oak_crucible":1,"minecraft:oak_log":720,"minecraft:dirt":11,"minecraft:gravel":68,"minecraft:sand":32,"minecraft:oak_leaves":356,"exnihilosequentia:infested_leaves":421},"minecraft:picked_up":{"minecraft:cocoa_beans":1,"minecraft:mud":2,"minecraft:crafting_table":2,"minecraft:clay_ball":16,"exnihilosequentia:oak_crucible":1,"gtceu:tiny_sulfur_dust":6,"toms_storage:ts.storage_terminal":5,"minecraft:diorite_slab":294,"exnihilosequentia:andesite_pebble":359,"gtceu:crushed_sphalerite_ore":58,"minecraft:string":1122,"exnihilosequentia:dust":32,"create:chute":2,"create:mechanical_press":2,"exnihilosequentia:oak_sieve":5,"minecraft:birch_sapling":1,"colossalchests:chest_wall_wood":102,"minecraft:chest":4,"minecraft:furnace":2,"minecraft:stick":219,"create:andesite_casing":28,"exnihilosequentia:diorite_pebble":367,"minecraft:diorite":543,"exnihilosequentia:granite_pebble":494,"minecraft:redstone":12,"exnihilosequentia:stone_pebble":502,"thermal:flax_seeds":1,"gtceu:crushed_copper_ore":195,"create:large_cogwheel":1,"gtceu:crushed_tin_ore":61,"exnihilosequentia:wooden_crook":1,"minecraft:rotten_flesh":4,"minecraft:beetroot_seeds":3,"toms_storage:ts.inventory_connector":2,"colossalchests:colossal_chest_wood":1,"exnihilosequentia:dripstone_pebble":1,"minecraft:cobblestone":863,"exnihilosequentia:basalt_pebble":1,"minecraft:polished_diorite_slab":7,"minecraft:andesite":579,"minecraft:potato":1,"exnihilosequentia:string_mesh":2,"minecraft:oak_log":743,"minecraft:lapis_lazuli":24,"minecraft:dirt":264,"exnihilosequentia:fired_crucible":1,"minecraft:glass":3,"minecraft:apple":49,"minecraft:wheat_seeds":1,"create:mechanical_drill":1,"create:goggles":1,"minecraft:iron_ingot":1,"minecraft:stone_pickaxe":1,"exnihilosequentia:grass_seeds":1,"minecraft:glowstone_dust":10,"minecraft:acacia_sapling":1,"minecraft:oak_slab":2,"create:large_water_wheel":5,"create:cogwheel":7,"exnihilosequentia:tuff_pebble":7,"minecraft:quartz":9,"minecraft:gravel":368,"minecraft:sand":67,"minecraft:amethyst_shard":3,"minecraft:pumpkin_seeds":3,"minecraft:spider_eye":1,"minecraft:granite_slab":18,"minecraft:white_bed":1,"exnihilosequentia:silkworm":394,"exnihilosequentia:oak_barrel":3,"minecraft:polished_diorite":256,"gtceu:crushed_iron_ore":122,"minecraft:diamond":1,"minecraft:stone_axe":1,"minecraft:polished_granite_slab":1,"minecraft:granite":640,"minecraft:bone_meal":12,"minecraft:emerald":2,"gtceu:crushed_magnetite_ore":64,"minecraft:oak_sapling":392,"functionalstorage:oak_1":2,"minecraft:melon_seeds":6,"minecraft:oak_leaves":238,"minecraft:ender_pearl":4},"minecraft:custom":{"minecraft:mob_kills":9,"minecraft:interact_with_crafting_table":179,"minecraft:interact_with_campfire":3,"minecraft:leave_game":3,"minecraft:time_since_death":881,"minecraft:sprint_one_cm":165996,"minecraft:walk_one_cm":1023638,"minecraft:drop":181,"minecraft:play_time":372179,"minecraft:deaths":8,"minecraft:sneak_time":28431,"minecraft:walk_under_water_one_cm":12158,"minecraft:jump":1432,"minecraft:walk_on_water_one_cm":16389,"minecraft:total_world_time":372179,"minecraft:interact_with_furnace":122,"minecraft:sleep_in_bed":24,"minecraft:time_since_rest":916,"minecraft:damage_taken":1860,"minecraft:damage_dealt":1714,"minecraft:swim_one_cm":124144,"minecraft:fly_one_cm":55752,"minecraft:open_chest":395,"minecraft:crouch_one_cm":69745,"minecraft:fall_one_cm":17032},"minecraft:broken":{"minecraft:shears":1,"exnihilosequentia:wooden_crook":2,"minecraft:stone_axe":5},"minecraft:killed":{"minecraft:spider":1,"minecraft:husk":7,"minecraft:enderman":1},"minecraft:used":{"minecraft:chest":8,"toms_storage:ts.storage_terminal":6,"minecraft:torch":1,"minecraft:dirt":144,"create:cogwheel":16,"exnihilosequentia:oak_crucible":2,"create:depot":1,"create:chute":3,"minecraft:lava_bucket":1,"exnihilosequentia:wooden_crook":537,"create:mechanical_drill":2,"minecraft:oak_sapling":126,"minecraft:furnace":4,"minecraft:water_bucket":1,"exnihilosequentia:fired_crucible":2,"minecraft:stone_pickaxe":127,"toms_storage:ts.inventory_connector":2,"minecraft:polished_diorite_slab":6,"minecraft:sugar_cane":4,"exnihilosequentia:oak_sieve":28,"minecraft:clay":4,"minecraft:cobblestone_slab":12,"colossalchests:chest_wall_wood":199,"minecraft:oak_leaves":238,"minecraft:sand":32,"minecraft:oak_slab":5,"minecraft:crafting_table":3,"minecraft:white_bed":5,"minecraft:campfire":2,"minecraft:shears":238,"minecraft:oak_log":25,"minecraft:apple":1,"exnihilosequentia:oak_barrel":5,"create:mechanical_press":3,"minecraft:string":23,"create:andesite_casing":3,"minecraft:gravel":68,"create:large_water_wheel":10,"colossalchests:colossal_chest_wood":2,"minecraft:stone_axe":856,"minecraft:granite_slab":162,"exnihilosequentia:andesite_hammer":180,"minecraft:cobblestone":336,"exnihilosequentia:stone_hammer":238,"functionalstorage:oak_1":3,"minecraft:bucket":1,"exnihilosequentia:silkworm":4,"create:large_cogwheel":3,"minecraft:diorite_slab":193}},"DataVersion":3465}