{"stats":{"minecraft:picked_up":{"minecraft:cocoa_beans":2,"minecraft:mud":2,"minecraft:charcoal":1,"minecraft:crafting_table":3,"minecraft:coarse_dirt":1,"gtceu:wrought_iron_ingot":4,"gtceu:tin_ingot":1,"minecraft:clay_ball":512,"gtceu:tiny_sulfur_dust":63,"minecraft:diorite_slab":441,"exnihilosequentia:calcite_pebble":18,"exnihilosequentia:andesite_pebble":3872,"gtceu:tiny_flint_dust":6,"gtceu:crushed_sphalerite_ore":67,"minecraft:string":1222,"exnihilosequentia:crushed_andesite":13,"exnihilosequentia:dust":198,"exnihilosequentia:oak_sieve":2,"create:basin":3,"minecraft:jungle_sapling":1,"minecraft:sugar_cane":2,"minecraft:chest":4,"minecraft:birch_sapling":2,"gtceu:iron_plate":4,"thermal:slime_mushroom_spores":8,"minecraft:furnace":2,"minecraft:stick":88,"minecraft:stone":1,"create:mechanical_mixer":3,"minecraft:copper_ingot":12,"exnihilosequentia:diorite_pebble":3768,"createlowheated:basic_burner":3,"minecraft:diorite":131,"minecraft:carrot":1,"exnihilosequentia:granite_pebble":4602,"minecraft:redstone":88,"exnihilosequentia:stone_pebble":5786,"thermal:flax_seeds":13,"gtceu:crushed_copper_ore":174,"woodenbucket:wooden_bucket":1,"gtceu:crushed_tin_ore":76,"create:large_cogwheel":1,"exnihilosequentia:mycelium_spores":4,"minecraft:cactus":3,"minecraft:rotten_flesh":1,"minecraft:beetroot_seeds":7,"exnihilosequentia:deepslate_pebble":21,"exnihilosequentia:crushed_granite":2,"exnihilosequentia:dripstone_pebble":22,"minecraft:cobblestone":1851,"exnihilosequentia:basalt_pebble":23,"exnihilosequentia:blackstone_pebble":29,"minecraft:polished_diorite_slab":4,"minecraft:andesite":1487,"minecraft:fern":1,"minecraft:potato":2,"exnihilosequentia:string_mesh":3,"minecraft:oak_log":27,"create:andesite_alloy":1,"minecraft:lapis_lazuli":8,"kubejs:coin":39,"minecraft:dirt":118,"minecraft:glass":2,"minecraft:apple":17,"minecraft:wheat_seeds":24,"gtceu:iron_mortar":2,"minecraft:iron_ingot":5,"minecraft:stone_pickaxe":4,"exnihilosequentia:grass_seeds":1,"minecraft:glowstone_dust":84,"minecraft:bamboo":1,"minecraft:oak_planks":2,"minecraft:acacia_sapling":3,"minecraft:oak_slab":6,"minecraft:sweet_berries":1,"create:cogwheel":2,"exnihilosequentia:tuff_pebble":20,"minecraft:quartz":6,"minecraft:gravel":719,"minecraft:sand":589,"exnihilosequentia:crushed_blackstone":1,"minecraft:amethyst_shard":3,"minecraft:granite_slab":72,"gtceu:red_alloy_ingot":1,"exnihilosequentia:crushed_diorite":22,"exnihilosequentia:silkworm":376,"minecraft:spider_eye":2,"minecraft:pumpkin_seeds":12,"minecraft:clay":4,"gtceu:crushed_iron_ore":110,"minecraft:polished_diorite":512,"minecraft:polished_granite_slab":36,"minecraft:granite":255,"minecraft:bone_meal":1,"minecraft:cherry_sapling":1,"gtceu:flint_dust":3,"minecraft:emerald":2,"gtceu:crushed_magnetite_ore":72,"minecraft:oak_sapling":112,"minecraft:melon_seeds":13,"minecraft:ender_pearl":11,"minecraft:sunflower":1},"minecraft:killed_by":{"minecraft:husk":1},"minecraft:dropped":{"exnihilosequentia:granite_pebble":319,"exnihilosequentia:diorite_pebble":310,"gtceu:flint_dust":1,"minecraft:copper_ingot":27,"exnihilosequentia:andesite_pebble":315,"minecraft:diorite":64,"gravestone:obituary":6,"minecraft:granite_slab":474,"minecraft:sand":64,"gtceu:iron_mortar":1,"gtceu:zinc_ingot":1,"minecraft:diorite_slab":2,"minecraft:redstone":33,"gtceu:tin_ingot":2,"exnihilosequentia:stone_pebble":481,"gtceu:red_alloy_ingot":6,"create:andesite_alloy":2},"minecraft:broken":{"exnihilosequentia:andesite_hammer":1,"exnihilosequentia:wooden_crook":1,"exnihilosequentia:diorite_hammer":1,"exnihilosequentia:stone_hammer":2,"exnihilosequentia:iron_hammer":1},"minecraft:mined":{"createlowheated:basic_burner":3,"minecraft:polished_granite_slab":30,"minecraft:white_bed":1,"minecraft:farmland":40,"gravestone:gravestone":6,"minecraft:granite":1,"exnihilosequentia:oak_sieve":3,"minecraft:grass_block":1,"create:large_cogwheel":1,"exnihilosequentia:crushed_diorite":11,"minecraft:diorite_slab":5,"minecraft:granite_slab":3,"create:cogwheel":2,"minecraft:blackstone":1,"minecraft:clay":128,"minecraft:polished_diorite_slab":4,"minecraft:cobblestone":643,"minecraft:diorite":3,"create:basin":3,"minecraft:coarse_dirt":1,"create:mechanical_mixer":3,"minecraft:oak_log":20,"minecraft:gravel":518,"minecraft:sand":198,"minecraft:dirt":73,"minecraft:oak_leaves":65,"exnihilosequentia:infested_leaves":43},"minecraft:crafted":{"minecraft:coarse_dirt":28,"minecraft:oak_planks":165,"minecraft:stone_shovel":1,"minecraft:polished_granite_slab":180,"createlowheated:basic_burner":1,"gtceu:zinc_dust":1,"gtceu:zinc_ingot":12,"minecraft:furnace":9,"minecraft:stone":5,"minecraft:cobblestone_stairs":64,"gtceu:compressed_coke_clay":128,"gtceu:coke_oven_bricks":16,"gtceu:brick_wooden_form":1,"gtceu:tin_ingot":6,"minecraft:flint_and_steel":1,"exnihilosequentia:oak_sieve":2,"minecraft:granite":875,"gtceu:coke_oven":1,"gtceu:coke_oven_brick":192,"exnihilosequentia:andesite_hammer":1,"gtceu:iron_rod":4,"gtceu:wood_drum":1,"minecraft:slime_ball":2,"minecraft:stone_pickaxe":1,"minecraft:chest":3,"exnihilosequentia:iron_hammer":3,"create:basin":1,"minecraft:stone_hoe":2,"create:cogwheel":17,"exnihilosequentia:wooden_crook":1,"minecraft:polished_diorite_slab":192,"minecraft:oak_slab":13,"gtceu:bronze_dust":1,"gtceu:copper_dust":1,"farmersdelight:iron_knife":1,"gtceu:wood_mallet":1,"minecraft:polished_granite":135,"minecraft:copper_ingot":7,"gtceu:coke_oven_hatch":1,"gtceu:sulfur_dust":1,"create:mechanical_mixer":1,"minecraft:diorite":829,"minecraft:air":8981,"rechiseled:chisel":1,"create:whisk":1,"minecraft:cobblestone":1308,"exnihilosequentia:stone_hammer":2,"gtceu:sticky_resin":2,"gtceu:brass_dust":1,"minecraft:stick":8,"minecraft:flint":1,"minecraft:iron_ingot":11,"minecraft:blackstone":1,"minecraft:iron_shovel":1,"create:large_cogwheel":3,"gtceu:long_iron_rod":2,"woodenbucket:wooden_bucket":2,"create:shaft":8,"minecraft:andesite":882,"minecraft:composter":1,"minecraft:torch":4,"minecraft:diorite_slab":264,"minecraft:granite_slab":71,"gtceu:empty_wooden_form":72},"minecraft:custom":{"minecraft:mob_kills":3,"minecraft:interact_with_crafting_table":83,"minecraft:interact_with_campfire":4,"minecraft:leave_game":3,"minecraft:time_since_death":24492,"minecraft:sprint_one_cm":314444,"minecraft:walk_one_cm":874431,"minecraft:drop":75,"minecraft:play_time":436537,"minecraft:deaths":7,"minecraft:sneak_time":39673,"minecraft:walk_under_water_one_cm":122978,"minecraft:jump":728,"minecraft:walk_on_water_one_cm":18509,"minecraft:total_world_time":436537,"minecraft:interact_with_furnace":103,"minecraft:sleep_in_bed":11,"minecraft:time_since_rest":24519,"minecraft:damage_taken":1730,"minecraft:damage_dealt":712,"minecraft:swim_one_cm":86270,"minecraft:fly_one_cm":107531,"minecraft:open_chest":193,"minecraft:crouch_one_cm":117699,"minecraft:fall_one_cm":8606},"minecraft:killed":{"minecraft:spider":1,"minecraft:husk":1},"minecraft:used":{"minecraft:iron_shovel":128,"minecraft:stone_shovel":4,"minecraft:chest":2,"minecraft:stone_hoe":90,"minecraft:torch":8,"create:mechanical_mixer":4,"create:cogwheel":5,"minecraft:polished_granite_slab":78,"minecraft:granite":1,"exnihilosequentia:crushed_diorite":11,"exnihilosequentia:diorite_hammer":34,"createlowheated:basic_burner":4,"exnihilosequentia:wooden_crook":107,"minecraft:oak_sapling":30,"minecraft:furnace":10,"minecraft:diorite":142,"minecraft:cobblestone_stairs":3,"minecraft:stone_pickaxe":72,"minecraft:polished_diorite_slab":68,"minecraft:blackstone":1,"minecraft:composter":1,"exnihilosequentia:oak_sieve":4,"minecraft:clay":1,"minecraft:sand":14,"minecraft:crafting_table":1,"exnihilosequentia:iron_hammer":779,"minecraft:apple":3,"exnihilosequentia:oak_barrel":1,"minecraft:gravel":14,"minecraft:granite_slab":20,"create:basin":4,"minecraft:cobblestone":11,"exnihilosequentia:andesite_hammer":76,"exnihilosequentia:stone_hammer":485,"exnihilosequentia:silkworm":1,"minecraft:coarse_dirt":21,"minecraft:diorite_slab":268,"create:large_cogwheel":7}},"DataVersion":3465}