{"stats":{"minecraft:crafted":{"minecraft:coarse_dirt":1,"minecraft:oak_slab":1,"minecraft:oak_planks":21,"minecraft:stone_shovel":1,"minecraft:polished_granite_slab":180,"minecraft:furnace":1,"minecraft:polished_granite":135,"minecraft:diorite":829,"minecraft:air":7958,"exnihilosequentia:oak_sieve":2,"minecraft:granite":875,"exnihilosequentia:andesite_hammer":1,"minecraft:cobblestone":1308,"minecraft:stick":3,"minecraft:chest":2,"minecraft:andesite":882,"minecraft:diorite_slab":264,"minecraft:stone_hoe":1,"exnihilosequentia:wooden_crook":1,"minecraft:granite_slab":71,"minecraft:polished_diorite_slab":64},"minecraft:dropped":{"exnihilosequentia:granite_pebble":319,"exnihilosequentia:diorite_pebble":310,"exnihilosequentia:andesite_pebble":315,"minecraft:diorite":64,"exnihilosequentia:stone_pebble":481,"minecraft:granite_slab":474,"minecraft:diorite_slab":2},"minecraft:mined":{"minecraft:polished_granite_slab":20,"minecraft:granite":1,"exnihilosequentia:oak_sieve":1,"minecraft:grass_block":1,"minecraft:polished_diorite_slab":1,"minecraft:cobblestone":5,"minecraft:diorite":3,"exnihilosequentia:crushed_diorite":1,"minecraft:diorite_slab":5,"minecraft:granite_slab":3,"minecraft:oak_log":20,"minecraft:gravel":1,"minecraft:sand":1,"minecraft:dirt":5,"minecraft:oak_leaves":65,"exnihilosequentia:infested_leaves":43},"minecraft:picked_up":{"minecraft:charcoal":1,"minecraft:mud":2,"minecraft:crafting_table":3,"exnihilosequentia:blackstone_pebble":4,"minecraft:polished_diorite_slab":2,"gtceu:tiny_sulfur_dust":6,"minecraft:andesite":1135,"minecraft:diorite_slab":441,"exnihilosequentia:calcite_pebble":2,"exnihilosequentia:andesite_pebble":3853,"minecraft:oak_log":27,"gtceu:tiny_flint_dust":6,"kubejs:coin":39,"gtceu:crushed_sphalerite_ore":20,"minecraft:lapis_lazuli":8,"minecraft:string":1222,"minecraft:dirt":10,"exnihilosequentia:crushed_andesite":13,"exnihilosequentia:dust":2,"minecraft:glass":2,"minecraft:apple":15,"minecraft:wheat_seeds":3,"minecraft:iron_ingot":5,"minecraft:stone_pickaxe":4,"minecraft:glowstone_dust":6,"minecraft:chest":4,"minecraft:furnace":2,"minecraft:oak_slab":6,"minecraft:stick":77,"minecraft:stone":1,"minecraft:quartz":6,"minecraft:gravel":74,"minecraft:sand":1,"minecraft:amethyst_shard":3,"exnihilosequentia:diorite_pebble":3752,"minecraft:granite_slab":72,"minecraft:diorite":131,"minecraft:redstone":3,"exnihilosequentia:granite_pebble":4579,"minecraft:spider_eye":2,"exnihilosequentia:crushed_diorite":12,"thermal:flax_seeds":3,"exnihilosequentia:stone_pebble":5694,"exnihilosequentia:silkworm":376,"gtceu:crushed_copper_ore":47,"gtceu:crushed_tin_ore":17,"exnihilosequentia:mycelium_spores":4,"minecraft:pumpkin_seeds":2,"minecraft:cactus":2,"gtceu:crushed_iron_ore":21,"minecraft:polished_diorite":256,"minecraft:polished_granite_slab":23,"exnihilosequentia:deepslate_pebble":4,"minecraft:granite":64,"gtceu:flint_dust":2,"minecraft:emerald":2,"exnihilosequentia:crushed_granite":2,"gtceu:crushed_magnetite_ore":24,"exnihilosequentia:dripstone_pebble":3,"minecraft:oak_sapling":92,"minecraft:melon_seeds":2,"minecraft:cobblestone":1220,"minecraft:ender_pearl":2},"minecraft:custom":{"minecraft:interact_with_furnace":4,"minecraft:mob_kills":1,"minecraft:interact_with_crafting_table":44,"minecraft:leave_game":1,"minecraft:time_since_death":145860,"minecraft:sleep_in_bed":5,"minecraft:time_since_rest":22255,"minecraft:sprint_one_cm":92506,"minecraft:damage_taken":310,"minecraft:walk_one_cm":405401,"minecraft:drop":34,"minecraft:damage_dealt":160,"minecraft:swim_one_cm":80257,"minecraft:fly_one_cm":36723,"minecraft:open_chest":120,"minecraft:crouch_one_cm":97685,"minecraft:play_time":145860,"minecraft:sneak_time":34147,"minecraft:walk_under_water_one_cm":101096,"minecraft:jump":213,"minecraft:walk_on_water_one_cm":11905,"minecraft:total_world_time":145860,"minecraft:fall_one_cm":1708},"minecraft:broken":{"exnihilosequentia:wooden_crook":1},"minecraft:killed":{"minecraft:spider":1},"minecraft:used":{"minecraft:diorite":142,"minecraft:stone_pickaxe":35,"minecraft:stone_shovel":4,"minecraft:polished_diorite_slab":59,"minecraft:chest":2,"exnihilosequentia:oak_sieve":2,"minecraft:stone_hoe":4,"minecraft:sand":1,"minecraft:crafting_table":1,"minecraft:polished_granite_slab":68,"minecraft:granite":1,"exnihilosequentia:crushed_diorite":1,"minecraft:apple":3,"minecraft:gravel":1,"minecraft:granite_slab":20,"exnihilosequentia:wooden_crook":107,"minecraft:cobblestone":5,"exnihilosequentia:andesite_hammer":11,"minecraft:oak_sapling":4,"minecraft:furnace":1,"exnihilosequentia:silkworm":1,"minecraft:coarse_dirt":4,"minecraft:diorite_slab":268}},"DataVersion":3465}