{"stats":{"minecraft:crafted":{"minecraft:coarse_dirt":28,"minecraft:oak_slab":1,"minecraft:oak_planks":21,"minecraft:stone_shovel":1,"minecraft:polished_granite_slab":180,"minecraft:furnace":1,"minecraft:polished_granite":135,"minecraft:diorite":829,"minecraft:air":8067,"exnihilosequentia:oak_sieve":2,"minecraft:granite":875,"exnihilosequentia:andesite_hammer":1,"minecraft:cobblestone":1308,"minecraft:blackstone":1,"minecraft:stick":3,"minecraft:chest":2,"minecraft:andesite":882,"minecraft:diorite_slab":264,"minecraft:stone_hoe":2,"exnihilosequentia:wooden_crook":1,"minecraft:granite_slab":71,"minecraft:polished_diorite_slab":64},"minecraft:dropped":{"exnihilosequentia:granite_pebble":319,"exnihilosequentia:diorite_pebble":310,"exnihilosequentia:andesite_pebble":315,"minecraft:diorite":64,"gravestone:obituary":1,"exnihilosequentia:stone_pebble":481,"minecraft:granite_slab":474,"minecraft:diorite_slab":2},"minecraft:mined":{"minecraft:polished_granite_slab":25,"minecraft:farmland":40,"minecraft:blackstone":1,"gravestone:gravestone":1,"minecraft:granite":1,"exnihilosequentia:oak_sieve":1,"minecraft:grass_block":1,"minecraft:polished_diorite_slab":2,"minecraft:cobblestone":5,"minecraft:diorite":3,"exnihilosequentia:crushed_diorite":1,"minecraft:diorite_slab":5,"minecraft:coarse_dirt":1,"minecraft:granite_slab":3,"minecraft:oak_log":20,"minecraft:gravel":1,"minecraft:sand":1,"minecraft:dirt":73,"minecraft:oak_leaves":65,"exnihilosequentia:infested_leaves":43},"minecraft:picked_up":{"exnihilosequentia:basalt_pebble":23,"minecraft:cocoa_beans":2,"minecraft:charcoal":1,"minecraft:mud":2,"minecraft:coarse_dirt":1,"minecraft:crafting_table":3,"exnihilosequentia:blackstone_pebble":29,"minecraft:polished_diorite_slab":3,"gtceu:tiny_sulfur_dust":6,"minecraft:andesite":1487,"minecraft:fern":1,"minecraft:potato":2,"exnihilosequentia:string_mesh":1,"minecraft:diorite_slab":441,"exnihilosequentia:calcite_pebble":18,"exnihilosequentia:andesite_pebble":3872,"minecraft:oak_log":27,"gtceu:tiny_flint_dust":6,"kubejs:coin":39,"gtceu:crushed_sphalerite_ore":20,"minecraft:lapis_lazuli":8,"minecraft:string":1222,"minecraft:dirt":118,"exnihilosequentia:crushed_andesite":13,"exnihilosequentia:dust":2,"minecraft:glass":2,"minecraft:apple":17,"minecraft:wheat_seeds":24,"minecraft:iron_ingot":5,"minecraft:stone_pickaxe":4,"exnihilosequentia:grass_seeds":1,"minecraft:jungle_sapling":1,"minecraft:bamboo":1,"minecraft:sugar_cane":2,"minecraft:birch_sapling":2,"minecraft:glowstone_dust":6,"minecraft:chest":4,"minecraft:acacia_sapling":3,"thermal:slime_mushroom_spores":8,"minecraft:furnace":2,"minecraft:oak_slab":6,"minecraft:stick":87,"minecraft:stone":1,"minecraft:sweet_berries":1,"exnihilosequentia:tuff_pebble":20,"minecraft:quartz":6,"minecraft:gravel":74,"minecraft:sand":1,"exnihilosequentia:crushed_blackstone":1,"minecraft:amethyst_shard":3,"exnihilosequentia:diorite_pebble":3768,"minecraft:carrot":1,"minecraft:granite_slab":72,"minecraft:diorite":131,"minecraft:redstone":3,"exnihilosequentia:granite_pebble":4602,"minecraft:spider_eye":2,"exnihilosequentia:crushed_diorite":12,"thermal:flax_seeds":13,"exnihilosequentia:stone_pebble":5786,"exnihilosequentia:silkworm":376,"gtceu:crushed_copper_ore":47,"gtceu:crushed_tin_ore":17,"exnihilosequentia:mycelium_spores":4,"minecraft:pumpkin_seeds":12,"minecraft:cactus":3,"gtceu:crushed_iron_ore":21,"minecraft:beetroot_seeds":7,"minecraft:polished_diorite":512,"minecraft:polished_granite_slab":33,"exnihilosequentia:deepslate_pebble":21,"minecraft:granite":255,"minecraft:cherry_sapling":1,"gtceu:flint_dust":2,"minecraft:emerald":2,"exnihilosequentia:crushed_granite":2,"gtceu:crushed_magnetite_ore":24,"exnihilosequentia:dripstone_pebble":22,"minecraft:oak_sapling":109,"minecraft:melon_seeds":13,"minecraft:sunflower":1,"minecraft:cobblestone":1851,"minecraft:ender_pearl":2},"minecraft:custom":{"minecraft:interact_with_furnace":4,"minecraft:mob_kills":1,"minecraft:interact_with_crafting_table":50,"minecraft:leave_game":1,"minecraft:time_since_death":66056,"minecraft:sleep_in_bed":5,"minecraft:time_since_rest":66090,"minecraft:sprint_one_cm":94221,"minecraft:damage_taken":390,"minecraft:walk_one_cm":495826,"minecraft:drop":35,"minecraft:damage_dealt":160,"minecraft:swim_one_cm":80257,"minecraft:fly_one_cm":37283,"minecraft:open_chest":126,"minecraft:deaths":1,"minecraft:crouch_one_cm":97938,"minecraft:play_time":232517,"minecraft:sneak_time":34219,"minecraft:walk_under_water_one_cm":113379,"minecraft:jump":237,"minecraft:walk_on_water_one_cm":12620,"minecraft:total_world_time":232517,"minecraft:fall_one_cm":1708},"minecraft:broken":{"exnihilosequentia:wooden_crook":1},"minecraft:killed":{"minecraft:spider":1},"minecraft:used":{"minecraft:diorite":142,"minecraft:stone_pickaxe":41,"minecraft:stone_shovel":4,"minecraft:blackstone":1,"minecraft:polished_diorite_slab":60,"minecraft:chest":2,"exnihilosequentia:oak_sieve":2,"minecraft:stone_hoe":90,"minecraft:sand":1,"minecraft:crafting_table":1,"minecraft:polished_granite_slab":78,"minecraft:granite":1,"exnihilosequentia:crushed_diorite":1,"minecraft:apple":3,"minecraft:gravel":1,"minecraft:granite_slab":20,"exnihilosequentia:wooden_crook":107,"exnihilosequentia:stone_hammer":1,"minecraft:cobblestone":5,"exnihilosequentia:andesite_hammer":11,"minecraft:oak_sapling":4,"minecraft:furnace":1,"exnihilosequentia:silkworm":1,"minecraft:coarse_dirt":21,"minecraft:diorite_slab":268}},"DataVersion":3465}