{"stats":{"minecraft:crafted":{"minecraft:coarse_dirt":1,"minecraft:oak_slab":1,"minecraft:oak_planks":21,"minecraft:stone_shovel":1,"minecraft:furnace":1,"minecraft:diorite":829,"minecraft:air":5954,"exnihilosequentia:oak_sieve":2,"minecraft:granite":875,"exnihilosequentia:andesite_hammer":1,"minecraft:cobblestone":1308,"minecraft:stick":3,"minecraft:chest":2,"minecraft:andesite":882,"minecraft:diorite_slab":264,"minecraft:stone_hoe":1,"exnihilosequentia:wooden_crook":1,"minecraft:granite_slab":71},"minecraft:mined":{"minecraft:granite":1,"exnihilosequentia:oak_sieve":1,"minecraft:grass_block":1,"minecraft:cobblestone":5,"minecraft:diorite":3,"exnihilosequentia:crushed_diorite":1,"minecraft:diorite_slab":4,"minecraft:granite_slab":3,"minecraft:oak_log":20,"minecraft:gravel":1,"minecraft:sand":1,"minecraft:dirt":5,"minecraft:oak_leaves":65,"exnihilosequentia:infested_leaves":43},"minecraft:dropped":{"exnihilosequentia:granite_pebble":319,"exnihilosequentia:diorite_pebble":310,"exnihilosequentia:andesite_pebble":315,"exnihilosequentia:stone_pebble":481,"minecraft:diorite_slab":1},"minecraft:picked_up":{"minecraft:crafting_table":2,"exnihilosequentia:blackstone_pebble":1,"minecraft:diorite_slab":156,"exnihilosequentia:calcite_pebble":1,"exnihilosequentia:andesite_pebble":3819,"minecraft:oak_log":20,"gtceu:crushed_sphalerite_ore":1,"minecraft:string":207,"minecraft:dirt":8,"exnihilosequentia:dust":1,"minecraft:apple":3,"minecraft:wheat_seeds":1,"minecraft:stone_pickaxe":4,"minecraft:stick":15,"minecraft:gravel":5,"minecraft:sand":1,"exnihilosequentia:diorite_pebble":3654,"minecraft:granite_slab":3,"minecraft:diorite":58,"exnihilosequentia:granite_pebble":3949,"minecraft:spider_eye":1,"exnihilosequentia:crushed_diorite":2,"thermal:flax_seeds":1,"exnihilosequentia:stone_pebble":5660,"exnihilosequentia:silkworm":51,"gtceu:crushed_tin_ore":2,"exnihilosequentia:mycelium_spores":1,"minecraft:cactus":1,"exnihilosequentia:deepslate_pebble":1,"exnihilosequentia:crushed_granite":1,"gtceu:crushed_magnetite_ore":2,"exnihilosequentia:dripstone_pebble":1,"minecraft:oak_sapling":27,"minecraft:melon_seeds":1},"minecraft:custom":{"minecraft:interact_with_furnace":4,"minecraft:mob_kills":1,"minecraft:interact_with_crafting_table":38,"minecraft:leave_game":1,"minecraft:time_since_death":109860,"minecraft:sleep_in_bed":4,"minecraft:time_since_rest":24529,"minecraft:sprint_one_cm":78109,"minecraft:damage_taken":280,"minecraft:walk_one_cm":209535,"minecraft:drop":24,"minecraft:damage_dealt":160,"minecraft:swim_one_cm":76896,"minecraft:fly_one_cm":34342,"minecraft:open_chest":100,"minecraft:crouch_one_cm":72844,"minecraft:play_time":109860,"minecraft:sneak_time":28836,"minecraft:walk_under_water_one_cm":87666,"minecraft:jump":169,"minecraft:walk_on_water_one_cm":9125,"minecraft:total_world_time":109860,"minecraft:fall_one_cm":856},"minecraft:broken":{"exnihilosequentia:wooden_crook":1},"minecraft:killed":{"minecraft:spider":1},"minecraft:used":{"minecraft:diorite":142,"minecraft:stone_pickaxe":13,"minecraft:stone_shovel":4,"minecraft:chest":2,"exnihilosequentia:oak_sieve":2,"minecraft:stone_hoe":4,"minecraft:sand":1,"minecraft:crafting_table":1,"minecraft:granite":1,"exnihilosequentia:crushed_diorite":1,"minecraft:apple":3,"minecraft:gravel":1,"minecraft:granite_slab":20,"exnihilosequentia:wooden_crook":107,"minecraft:cobblestone":5,"exnihilosequentia:andesite_hammer":11,"minecraft:oak_sapling":4,"minecraft:furnace":1,"exnihilosequentia:silkworm":1,"minecraft:coarse_dirt":4,"minecraft:diorite_slab":259}},"DataVersion":3465}