{"stats":{"minecraft:crafted":{"minecraft:coarse_dirt":1,"minecraft:oak_slab":1,"minecraft:oak_planks":21,"minecraft:stone_shovel":1,"minecraft:furnace":1,"minecraft:diorite":267,"minecraft:air":1554,"exnihilosequentia:oak_sieve":2,"minecraft:granite":269,"exnihilosequentia:andesite_hammer":1,"minecraft:cobblestone":405,"minecraft:stick":3,"minecraft:chest":2,"minecraft:andesite":269,"minecraft:diorite_slab":42,"minecraft:stone_hoe":1,"exnihilosequentia:wooden_crook":1,"minecraft:granite_slab":7},"minecraft:mined":{"minecraft:granite":1,"exnihilosequentia:oak_sieve":1,"minecraft:grass_block":1,"minecraft:cobblestone":5,"minecraft:diorite":1,"exnihilosequentia:crushed_diorite":1,"minecraft:diorite_slab":3,"minecraft:oak_log":14,"minecraft:gravel":1,"minecraft:sand":1,"minecraft:dirt":5,"minecraft:oak_leaves":65,"exnihilosequentia:infested_leaves":43},"minecraft:picked_up":{"exnihilosequentia:blackstone_pebble":1,"minecraft:diorite_slab":4,"exnihilosequentia:calcite_pebble":1,"exnihilosequentia:andesite_pebble":1082,"minecraft:oak_log":14,"gtceu:crushed_sphalerite_ore":1,"minecraft:string":142,"minecraft:dirt":8,"exnihilosequentia:dust":1,"minecraft:apple":3,"minecraft:wheat_seeds":1,"minecraft:stone_pickaxe":1,"minecraft:stick":13,"minecraft:gravel":5,"minecraft:sand":1,"exnihilosequentia:diorite_pebble":1087,"exnihilosequentia:granite_pebble":1082,"exnihilosequentia:crushed_diorite":2,"thermal:flax_seeds":1,"exnihilosequentia:stone_pebble":1623,"exnihilosequentia:silkworm":51,"gtceu:crushed_tin_ore":2,"exnihilosequentia:mycelium_spores":1,"minecraft:cactus":1,"exnihilosequentia:deepslate_pebble":1,"exnihilosequentia:crushed_granite":1,"gtceu:crushed_magnetite_ore":2,"exnihilosequentia:dripstone_pebble":1,"minecraft:oak_sapling":21,"minecraft:melon_seeds":1},"minecraft:custom":{"minecraft:interact_with_furnace":4,"minecraft:interact_with_crafting_table":26,"minecraft:leave_game":1,"minecraft:time_since_death":49860,"minecraft:sleep_in_bed":3,"minecraft:time_since_rest":10602,"minecraft:sprint_one_cm":11014,"minecraft:damage_taken":170,"minecraft:walk_one_cm":87308,"minecraft:swim_one_cm":48590,"minecraft:fly_one_cm":1675,"minecraft:open_chest":50,"minecraft:crouch_one_cm":45338,"minecraft:play_time":49860,"minecraft:sneak_time":12004,"minecraft:walk_under_water_one_cm":38901,"minecraft:jump":37,"minecraft:walk_on_water_one_cm":2872,"minecraft:total_world_time":49860},"minecraft:broken":{"exnihilosequentia:wooden_crook":1},"minecraft:used":{"minecraft:diorite":141,"minecraft:stone_pickaxe":3,"minecraft:stone_shovel":4,"minecraft:chest":2,"exnihilosequentia:oak_sieve":2,"minecraft:stone_hoe":4,"minecraft:sand":1,"minecraft:granite":1,"exnihilosequentia:crushed_diorite":1,"minecraft:gravel":1,"minecraft:granite_slab":20,"exnihilosequentia:wooden_crook":107,"minecraft:cobblestone":5,"exnihilosequentia:andesite_hammer":11,"minecraft:oak_sapling":3,"minecraft:furnace":1,"exnihilosequentia:silkworm":1,"minecraft:coarse_dirt":4,"minecraft:diorite_slab":248}},"DataVersion":3465}