{"stats":{"minecraft:crafted":{"minecraft:coarse_dirt":28,"minecraft:oak_planks":29,"minecraft:stone_shovel":1,"minecraft:polished_granite_slab":180,"minecraft:furnace":1,"exnihilosequentia:oak_sieve":2,"minecraft:granite":875,"exnihilosequentia:andesite_hammer":1,"minecraft:slime_ball":1,"minecraft:chest":2,"minecraft:stone_hoe":2,"exnihilosequentia:wooden_crook":1,"minecraft:polished_diorite_slab":64,"minecraft:oak_slab":13,"minecraft:polished_granite":135,"minecraft:diorite":829,"minecraft:air":8068,"minecraft:cobblestone":1308,"gtceu:sticky_resin":1,"minecraft:stick":3,"minecraft:blackstone":1,"woodenbucket:wooden_bucket":2,"minecraft:andesite":882,"minecraft:composter":1,"minecraft:diorite_slab":264,"minecraft:granite_slab":71},"minecraft:dropped":{"exnihilosequentia:granite_pebble":319,"exnihilosequentia:diorite_pebble":310,"gtceu:flint_dust":1,"exnihilosequentia:andesite_pebble":315,"minecraft:diorite":64,"gravestone:obituary":1,"minecraft:granite_slab":474,"minecraft:diorite_slab":2,"exnihilosequentia:stone_pebble":481},"minecraft:mined":{"minecraft:polished_granite_slab":25,"minecraft:farmland":40,"gravestone:gravestone":1,"minecraft:granite":1,"exnihilosequentia:oak_sieve":3,"minecraft:grass_block":1,"exnihilosequentia:crushed_diorite":1,"minecraft:diorite_slab":5,"minecraft:granite_slab":3,"minecraft:blackstone":1,"minecraft:polished_diorite_slab":3,"minecraft:cobblestone":6,"minecraft:diorite":3,"minecraft:coarse_dirt":1,"minecraft:oak_log":20,"minecraft:gravel":6,"minecraft:sand":5,"minecraft:dirt":73,"minecraft:oak_leaves":65,"exnihilosequentia:infested_leaves":43},"minecraft:picked_up":{"minecraft:cocoa_beans":2,"minecraft:mud":2,"minecraft:charcoal":1,"minecraft:crafting_table":3,"minecraft:coarse_dirt":1,"gtceu:tiny_sulfur_dust":6,"minecraft:diorite_slab":441,"exnihilosequentia:andesite_pebble":3872,"exnihilosequentia:calcite_pebble":18,"gtceu:tiny_flint_dust":6,"gtceu:crushed_sphalerite_ore":20,"minecraft:string":1222,"exnihilosequentia:crushed_andesite":13,"exnihilosequentia:dust":6,"exnihilosequentia:oak_sieve":2,"minecraft:jungle_sapling":1,"minecraft:sugar_cane":2,"minecraft:chest":4,"minecraft:birch_sapling":2,"thermal:slime_mushroom_spores":8,"minecraft:furnace":2,"minecraft:stick":88,"minecraft:stone":1,"exnihilosequentia:diorite_pebble":3768,"minecraft:diorite":131,"minecraft:carrot":1,"exnihilosequentia:granite_pebble":4602,"minecraft:redstone":3,"exnihilosequentia:stone_pebble":5786,"thermal:flax_seeds":13,"gtceu:crushed_copper_ore":47,"woodenbucket:wooden_bucket":1,"gtceu:crushed_tin_ore":17,"exnihilosequentia:mycelium_spores":4,"minecraft:cactus":3,"minecraft:beetroot_seeds":7,"exnihilosequentia:deepslate_pebble":21,"exnihilosequentia:crushed_granite":2,"exnihilosequentia:dripstone_pebble":22,"minecraft:cobblestone":1851,"exnihilosequentia:basalt_pebble":23,"exnihilosequentia:blackstone_pebble":29,"minecraft:polished_diorite_slab":4,"minecraft:andesite":1487,"minecraft:fern":1,"minecraft:potato":2,"exnihilosequentia:string_mesh":3,"minecraft:oak_log":27,"minecraft:lapis_lazuli":8,"kubejs:coin":39,"minecraft:dirt":118,"minecraft:glass":2,"minecraft:apple":17,"minecraft:wheat_seeds":24,"minecraft:iron_ingot":5,"minecraft:stone_pickaxe":4,"exnihilosequentia:grass_seeds":1,"minecraft:bamboo":1,"minecraft:glowstone_dust":6,"minecraft:acacia_sapling":3,"minecraft:oak_slab":6,"minecraft:sweet_berries":1,"exnihilosequentia:tuff_pebble":20,"minecraft:quartz":6,"minecraft:gravel":75,"minecraft:sand":6,"minecraft:amethyst_shard":3,"exnihilosequentia:crushed_blackstone":1,"minecraft:granite_slab":72,"exnihilosequentia:crushed_diorite":12,"exnihilosequentia:silkworm":376,"minecraft:spider_eye":2,"minecraft:pumpkin_seeds":12,"minecraft:clay":4,"gtceu:crushed_iron_ore":21,"minecraft:polished_diorite":512,"minecraft:polished_granite_slab":33,"minecraft:granite":255,"minecraft:bone_meal":1,"minecraft:cherry_sapling":1,"gtceu:flint_dust":3,"minecraft:emerald":2,"gtceu:crushed_magnetite_ore":24,"minecraft:oak_sapling":112,"minecraft:melon_seeds":13,"minecraft:ender_pearl":2,"minecraft:sunflower":1},"minecraft:custom":{"minecraft:mob_kills":1,"minecraft:interact_with_crafting_table":56,"minecraft:leave_game":2,"minecraft:time_since_death":91373,"minecraft:sprint_one_cm":128189,"minecraft:walk_one_cm":559182,"minecraft:drop":36,"minecraft:play_time":257834,"minecraft:deaths":1,"minecraft:sneak_time":35902,"minecraft:walk_under_water_one_cm":122557,"minecraft:jump":359,"minecraft:walk_on_water_one_cm":16671,"minecraft:total_world_time":257834,"minecraft:interact_with_furnace":7,"minecraft:sleep_in_bed":7,"minecraft:time_since_rest":4319,"minecraft:damage_taken":540,"minecraft:damage_dealt":160,"minecraft:swim_one_cm":86270,"minecraft:fly_one_cm":67811,"minecraft:open_chest":139,"minecraft:crouch_one_cm":101841,"minecraft:fall_one_cm":2395},"minecraft:broken":{"exnihilosequentia:wooden_crook":1},"minecraft:killed":{"minecraft:spider":1},"minecraft:used":{"minecraft:stone_shovel":4,"minecraft:chest":2,"minecraft:stone_hoe":90,"minecraft:polished_granite_slab":78,"minecraft:granite":1,"exnihilosequentia:crushed_diorite":1,"exnihilosequentia:wooden_crook":107,"minecraft:furnace":2,"minecraft:oak_sapling":30,"minecraft:diorite":142,"minecraft:stone_pickaxe":42,"minecraft:polished_diorite_slab":60,"minecraft:blackstone":1,"minecraft:composter":1,"exnihilosequentia:oak_sieve":4,"minecraft:sand":5,"minecraft:crafting_table":1,"minecraft:apple":3,"exnihilosequentia:oak_barrel":1,"minecraft:gravel":6,"minecraft:granite_slab":20,"minecraft:cobblestone":6,"exnihilosequentia:andesite_hammer":11,"exnihilosequentia:stone_hammer":11,"exnihilosequentia:silkworm":1,"minecraft:coarse_dirt":21,"minecraft:diorite_slab":268}},"DataVersion":3465}