{"stats":{"minecraft:killed_by":{"minecraft:husk":1},"minecraft:crafted":{"minecraft:coarse_dirt":28,"minecraft:oak_planks":29,"minecraft:stone_shovel":1,"minecraft:polished_granite_slab":180,"minecraft:furnace":9,"gtceu:tin_ingot":6,"exnihilosequentia:oak_sieve":2,"minecraft:granite":875,"exnihilosequentia:andesite_hammer":1,"minecraft:slime_ball":1,"minecraft:chest":2,"exnihilosequentia:iron_hammer":1,"minecraft:stone_hoe":2,"exnihilosequentia:wooden_crook":1,"minecraft:polished_diorite_slab":192,"minecraft:oak_slab":13,"minecraft:polished_granite":135,"minecraft:copper_ingot":7,"gtceu:sulfur_dust":1,"minecraft:diorite":829,"minecraft:air":8846,"rechiseled:chisel":1,"exnihilosequentia:stone_hammer":2,"minecraft:cobblestone":1308,"gtceu:sticky_resin":1,"minecraft:stick":3,"minecraft:iron_ingot":11,"minecraft:blackstone":1,"woodenbucket:wooden_bucket":2,"minecraft:andesite":882,"minecraft:composter":1,"minecraft:diorite_slab":264,"minecraft:granite_slab":71},"minecraft:dropped":{"exnihilosequentia:granite_pebble":319,"exnihilosequentia:diorite_pebble":310,"gtceu:flint_dust":1,"exnihilosequentia:andesite_pebble":315,"minecraft:diorite":64,"gravestone:obituary":4,"minecraft:granite_slab":474,"minecraft:sand":64,"minecraft:diorite_slab":2,"exnihilosequentia:stone_pebble":481},"minecraft:mined":{"minecraft:polished_granite_slab":30,"minecraft:white_bed":1,"minecraft:farmland":40,"gravestone:gravestone":4,"minecraft:granite":1,"exnihilosequentia:oak_sieve":3,"minecraft:grass_block":1,"exnihilosequentia:crushed_diorite":11,"minecraft:diorite_slab":5,"minecraft:granite_slab":3,"minecraft:blackstone":1,"minecraft:polished_diorite_slab":4,"minecraft:cobblestone":387,"minecraft:diorite":3,"minecraft:coarse_dirt":1,"minecraft:oak_log":20,"minecraft:gravel":198,"minecraft:sand":198,"minecraft:dirt":73,"minecraft:oak_leaves":65,"exnihilosequentia:infested_leaves":43},"minecraft:picked_up":{"minecraft:cocoa_beans":2,"minecraft:mud":2,"minecraft:charcoal":1,"minecraft:crafting_table":3,"minecraft:coarse_dirt":1,"gtceu:wrought_iron_ingot":4,"gtceu:tiny_sulfur_dust":63,"minecraft:diorite_slab":441,"exnihilosequentia:andesite_pebble":3872,"exnihilosequentia:calcite_pebble":18,"gtceu:tiny_flint_dust":6,"gtceu:crushed_sphalerite_ore":67,"minecraft:string":1222,"exnihilosequentia:crushed_andesite":13,"exnihilosequentia:dust":198,"exnihilosequentia:oak_sieve":2,"minecraft:jungle_sapling":1,"minecraft:sugar_cane":2,"minecraft:chest":4,"minecraft:birch_sapling":2,"thermal:slime_mushroom_spores":8,"minecraft:furnace":2,"minecraft:stick":88,"minecraft:stone":1,"exnihilosequentia:diorite_pebble":3768,"minecraft:diorite":131,"minecraft:carrot":1,"exnihilosequentia:granite_pebble":4602,"minecraft:redstone":79,"exnihilosequentia:stone_pebble":5786,"thermal:flax_seeds":13,"gtceu:crushed_copper_ore":174,"woodenbucket:wooden_bucket":1,"gtceu:crushed_tin_ore":76,"exnihilosequentia:mycelium_spores":4,"minecraft:cactus":3,"minecraft:rotten_flesh":1,"minecraft:beetroot_seeds":7,"exnihilosequentia:deepslate_pebble":21,"exnihilosequentia:crushed_granite":2,"exnihilosequentia:dripstone_pebble":22,"minecraft:cobblestone":1851,"exnihilosequentia:basalt_pebble":23,"exnihilosequentia:blackstone_pebble":29,"minecraft:polished_diorite_slab":4,"minecraft:andesite":1487,"minecraft:fern":1,"minecraft:potato":2,"exnihilosequentia:string_mesh":3,"minecraft:oak_log":27,"minecraft:lapis_lazuli":8,"kubejs:coin":39,"minecraft:dirt":118,"minecraft:glass":2,"minecraft:apple":17,"minecraft:wheat_seeds":24,"minecraft:iron_ingot":5,"minecraft:stone_pickaxe":4,"exnihilosequentia:grass_seeds":1,"minecraft:bamboo":1,"minecraft:glowstone_dust":84,"minecraft:acacia_sapling":3,"minecraft:oak_slab":6,"minecraft:sweet_berries":1,"exnihilosequentia:tuff_pebble":20,"minecraft:quartz":6,"minecraft:gravel":460,"minecraft:sand":269,"minecraft:amethyst_shard":3,"exnihilosequentia:crushed_blackstone":1,"minecraft:granite_slab":72,"exnihilosequentia:crushed_diorite":22,"exnihilosequentia:silkworm":376,"minecraft:spider_eye":2,"minecraft:pumpkin_seeds":12,"minecraft:clay":4,"gtceu:crushed_iron_ore":110,"minecraft:polished_diorite":512,"minecraft:polished_granite_slab":36,"minecraft:granite":255,"minecraft:bone_meal":1,"minecraft:cherry_sapling":1,"gtceu:flint_dust":3,"minecraft:emerald":2,"gtceu:crushed_magnetite_ore":72,"minecraft:oak_sapling":112,"minecraft:melon_seeds":13,"minecraft:ender_pearl":11,"minecraft:sunflower":1},"minecraft:custom":{"minecraft:mob_kills":2,"minecraft:interact_with_crafting_table":66,"minecraft:interact_with_campfire":4,"minecraft:leave_game":2,"minecraft:time_since_death":19858,"minecraft:sprint_one_cm":224554,"minecraft:walk_one_cm":740817,"minecraft:drop":40,"minecraft:play_time":317834,"minecraft:deaths":5,"minecraft:sneak_time":39439,"minecraft:walk_under_water_one_cm":122557,"minecraft:jump":521,"minecraft:walk_on_water_one_cm":17130,"minecraft:total_world_time":317834,"minecraft:interact_with_furnace":39,"minecraft:sleep_in_bed":11,"minecraft:time_since_rest":19290,"minecraft:damage_taken":1290,"minecraft:damage_dealt":684,"minecraft:swim_one_cm":86270,"minecraft:fly_one_cm":90361,"minecraft:open_chest":155,"minecraft:crouch_one_cm":117002,"minecraft:fall_one_cm":3974},"minecraft:broken":{"exnihilosequentia:andesite_hammer":1,"exnihilosequentia:wooden_crook":1,"exnihilosequentia:diorite_hammer":1,"exnihilosequentia:stone_hammer":2},"minecraft:killed":{"minecraft:spider":1,"minecraft:husk":1},"minecraft:used":{"minecraft:stone_shovel":4,"minecraft:chest":2,"minecraft:stone_hoe":90,"minecraft:polished_granite_slab":78,"minecraft:granite":1,"exnihilosequentia:crushed_diorite":11,"exnihilosequentia:diorite_hammer":34,"exnihilosequentia:wooden_crook":107,"minecraft:furnace":10,"minecraft:oak_sapling":30,"minecraft:diorite":142,"minecraft:stone_pickaxe":60,"minecraft:polished_diorite_slab":68,"minecraft:blackstone":1,"minecraft:composter":1,"exnihilosequentia:oak_sieve":4,"minecraft:sand":14,"minecraft:crafting_table":1,"exnihilosequentia:iron_hammer":203,"minecraft:apple":3,"exnihilosequentia:oak_barrel":1,"minecraft:gravel":11,"minecraft:granite_slab":20,"minecraft:cobblestone":7,"exnihilosequentia:andesite_hammer":76,"exnihilosequentia:stone_hammer":485,"exnihilosequentia:silkworm":1,"minecraft:coarse_dirt":21,"minecraft:diorite_slab":268}},"DataVersion":3465}