{"stats":{"minecraft:crafted":{"minecraft:chest":2,"minecraft:oak_planks":20,"minecraft:cobblestone":1,"exnihilosequentia:wooden_crook":1,"minecraft:stick":4,"minecraft:air":2,"minecraft:diorite":1},"minecraft:mined":{"minecraft:oak_log":5,"minecraft:oak_leaves":54,"exnihilosequentia:infested_leaves":36},"minecraft:picked_up":{"exnihilosequentia:wooden_crook":1,"minecraft:stick":3,"minecraft:apple":4,"gtceu:crushed_iron_ore":1,"minecraft:gravel":5,"gtceu:crushed_copper_ore":1,"exnihilosequentia:andesite_pebble":24,"exnihilosequentia:diorite_pebble":21,"minecraft:oak_log":11,"gtceu:crushed_magnetite_ore":1,"exnihilosequentia:granite_pebble":27,"minecraft:oak_sapling":19,"exnihilosequentia:stone_pebble":32,"exnihilosequentia:silkworm":3,"minecraft:string":124},"minecraft:custom":{"minecraft:open_chest":3,"minecraft:time_since_rest":2550,"minecraft:crouch_one_cm":1142,"minecraft:sprint_one_cm":1401,"minecraft:play_time":16800,"minecraft:damage_taken":190,"minecraft:walk_one_cm":35833,"minecraft:sneak_time":551,"minecraft:jump":37,"minecraft:leave_game":1,"minecraft:time_since_death":16800,"minecraft:sleep_in_bed":2,"minecraft:fly_one_cm":122,"minecraft:total_world_time":16800,"minecraft:interact_with_crafting_table":3,"minecraft:fall_one_cm":79489},"minecraft:broken":{"exnihilosequentia:wooden_crook":1},"minecraft:used":{"exnihilosequentia:wooden_crook":90,"minecraft:oak_sapling":2,"exnihilosequentia:silkworm":3}},"DataVersion":3465}