{"stats":{"minecraft:crafted":{"minecraft:oak_planks":44,"minecraft:crafting_table":1,"exnihilosequentia:diorite_hammer":1,"minecraft:stone_axe":1,"minecraft:diorite":1357,"minecraft:air":6279,"minecraft:granite":658,"minecraft:polished_diorite":256,"minecraft:cobblestone":1766,"minecraft:stick":4,"minecraft:chest":2,"minecraft:andesite":1137,"minecraft:diorite_slab":57,"exnihilosequentia:wooden_crook":2},"minecraft:mined":{"minecraft:cobblestone":178,"minecraft:diorite":9,"exnihilosequentia:crushed_diorite":9,"minecraft:diorite_slab":1,"minecraft:andesite":13,"minecraft:granite_slab":1,"minecraft:oak_log":45,"minecraft:gravel":4,"minecraft:oak_leaves":213,"exnihilosequentia:infested_leaves":85},"minecraft:dropped":{"minecraft:polished_diorite":1024,"exnihilosequentia:deepslate_pebble":2,"minecraft:stone_axe":1,"exnihilosequentia:tuff_pebble":3,"minecraft:sweet_berries":1,"exnihilosequentia:granite_pebble":2514,"minecraft:wheat_seeds":2,"exnihilosequentia:diorite_pebble":4,"minecraft:cherry_sapling":1,"minecraft:cobblestone":1463,"exnihilosequentia:silkworm":47,"minecraft:granite":657,"gtceu:crushed_copper_ore":70,"exnihilosequentia:andesite_pebble":685,"thermal:flax_seeds":3,"minecraft:flint":1,"exnihilosequentia:calcite_pebble":2,"minecraft:diorite":120,"minecraft:beetroot_seeds":2,"minecraft:melon_seeds":2,"minecraft:andesite":928,"minecraft:oak_sapling":63,"exnihilosequentia:blackstone_pebble":1,"minecraft:jungle_sapling":1,"exnihilosequentia:stone_pebble":848,"exnihilosequentia:dripstone_pebble":3,"minecraft:string":174,"minecraft:diorite_slab":374,"exnihilosequentia:basalt_pebble":4},"minecraft:picked_up":{"exnihilosequentia:basalt_pebble":4,"exnihilosequentia:blackstone_pebble":1,"minecraft:diorite_slab":33,"exnihilosequentia:calcite_pebble":2,"exnihilosequentia:andesite_pebble":5491,"minecraft:flint":1,"minecraft:oak_log":41,"gtceu:crushed_sphalerite_ore":28,"minecraft:string":461,"exnihilosequentia:crushed_andesite":13,"minecraft:apple":7,"minecraft:wheat_seeds":2,"minecraft:jungle_sapling":1,"minecraft:stick":20,"minecraft:sweet_berries":1,"exnihilosequentia:tuff_pebble":3,"minecraft:gravel":186,"exnihilosequentia:diorite_pebble":5472,"minecraft:granite_slab":1,"minecraft:diorite":64,"exnihilosequentia:granite_pebble":5382,"thermal:flax_seeds":3,"exnihilosequentia:crushed_diorite":18,"exnihilosequentia:stone_pebble":8064,"exnihilosequentia:silkworm":65,"gtceu:crushed_copper_ore":79,"gtceu:crushed_tin_ore":31,"exnihilosequentia:wooden_crook":1,"gtceu:crushed_iron_ore":49,"minecraft:beetroot_seeds":2,"exnihilosequentia:deepslate_pebble":2,"minecraft:cherry_sapling":1,"exnihilosequentia:dripstone_pebble":3,"gtceu:crushed_magnetite_ore":23,"minecraft:oak_sapling":134,"minecraft:melon_seeds":2},"minecraft:custom":{"minecraft:interact_with_crafting_table":40,"minecraft:leave_game":1,"minecraft:time_since_death":148800,"minecraft:sleep_in_bed":6,"minecraft:time_since_rest":58255,"minecraft:sprint_one_cm":10503,"minecraft:damage_taken":190,"minecraft:walk_one_cm":242383,"minecraft:drop":180,"minecraft:fly_one_cm":7474,"minecraft:open_chest":30,"minecraft:crouch_one_cm":16180,"minecraft:play_time":148800,"minecraft:sneak_time":25696,"minecraft:walk_under_water_one_cm":19594,"minecraft:jump":243,"minecraft:walk_on_water_one_cm":3682,"minecraft:total_world_time":148800,"minecraft:fall_one_cm":80803},"minecraft:broken":{"exnihilosequentia:wooden_crook":3},"minecraft:used":{"minecraft:diorite":10,"minecraft:chest":2,"minecraft:crafting_table":1,"minecraft:granite":1,"exnihilosequentia:crushed_diorite":9,"minecraft:apple":3,"exnihilosequentia:diorite_hammer":211,"minecraft:gravel":4,"minecraft:granite_slab":1,"exnihilosequentia:wooden_crook":338,"minecraft:cobblestone":178,"minecraft:oak_sapling":10,"minecraft:andesite":13,"exnihilosequentia:silkworm":15,"minecraft:diorite_slab":1}},"DataVersion":3465}