{"stats":{"minecraft:picked_up":{"minecraft:cocoa_beans":7,"minecraft:charcoal":2,"minecraft:crafting_table":1,"minecraft:diorite_slab":44,"exnihilosequentia:calcite_pebble":113,"exnihilosequentia:andesite_pebble":8414,"gravestone:obituary":2,"gtceu:crushed_sphalerite_ore":162,"minecraft:string":3713,"minecraft:large_fern":7,"exnihilosequentia:crushed_andesite":13,"minecraft:jungle_sapling":11,"minecraft:sugar_cane":9,"minecraft:chest":4,"minecraft:birch_sapling":6,"thermal:slime_mushroom_spores":60,"exnihilosequentia:andesite_hammer":1,"minecraft:dark_oak_sapling":9,"minecraft:stick":183,"minecraft:torch":8,"exnihilosequentia:diorite_pebble":8365,"minecraft:diorite":192,"exnihilosequentia:granite_pebble":8274,"minecraft:carrot":12,"exnihilosequentia:stone_pebble":12830,"thermal:flax_seeds":54,"gtceu:crushed_copper_ore":388,"gtceu:crushed_tin_ore":163,"exnihilosequentia:wooden_crook":2,"exnihilosequentia:mycelium_spores":10,"minecraft:cactus":8,"minecraft:rotten_flesh":5,"minecraft:beetroot_seeds":58,"exnihilosequentia:deepslate_pebble":102,"exnihilosequentia:dripstone_pebble":121,"minecraft:cobblestone":347,"exnihilosequentia:basalt_pebble":109,"exnihilosequentia:blackstone_pebble":122,"minecraft:polished_diorite_slab":87,"minecraft:andesite":192,"minecraft:fern":14,"minecraft:potato":7,"minecraft:flint":1,"minecraft:oak_log":691,"minecraft:gunpowder":3,"minecraft:lapis_lazuli":41,"minecraft:dirt":3076,"minecraft:apple":25,"minecraft:wheat_seeds":127,"minecraft:stone_pickaxe":4,"create:goggles":1,"exnihilosequentia:grass_seeds":15,"minecraft:bamboo":13,"minecraft:acacia_sapling":7,"minecraft:oak_slab":1,"minecraft:sweet_berries":14,"exnihilosequentia:tuff_pebble":99,"minecraft:quartz":144,"minecraft:gravel":2471,"minecraft:sand":663,"minecraft:amethyst_shard":66,"exnihilosequentia:stone_hammer":1,"minecraft:granite_slab":1,"minecraft:spruce_sapling":9,"minecraft:white_bed":4,"exnihilosequentia:crushed_diorite":18,"exnihilosequentia:silkworm":1038,"minecraft:pumpkin_seeds":57,"minecraft:slime_ball":12,"gtceu:crushed_iron_ore":280,"minecraft:diamond":46,"minecraft:stone_axe":2,"minecraft:granite":320,"minecraft:cherry_sapling":7,"minecraft:emerald":39,"gtceu:crushed_magnetite_ore":145,"minecraft:oak_sapling":379,"minecraft:melon_seeds":62,"minecraft:sunflower":8},"minecraft:killed_by":{"minecraft:husk":1,"minecraft:enderman":2},"minecraft:dropped":{"exnihilosequentia:tuff_pebble":3,"exnihilosequentia:granite_pebble":2514,"minecraft:wheat_seeds":2,"exnihilosequentia:diorite_pebble":4,"minecraft:cobblestone":2501,"minecraft:granite":1553,"gtceu:crushed_magnetite_ore":1,"exnihilosequentia:andesite_pebble":685,"thermal:flax_seeds":3,"minecraft:flint":1,"minecraft:diorite":791,"exnihilosequentia:blackstone_pebble":1,"minecraft:jungle_sapling":1,"create:goggles":1,"exnihilosequentia:stone_hammer":1,"minecraft:string":174,"minecraft:diorite_slab":374,"minecraft:polished_diorite":1280,"exnihilosequentia:deepslate_pebble":2,"minecraft:stone_axe":1,"minecraft:sweet_berries":2,"minecraft:cherry_sapling":1,"exnihilosequentia:silkworm":47,"minecraft:white_bed":1,"gtceu:crushed_copper_ore":71,"exnihilosequentia:calcite_pebble":2,"minecraft:andesite":1632,"minecraft:beetroot_seeds":2,"minecraft:melon_seeds":2,"minecraft:oak_sapling":63,"exnihilosequentia:stone_pebble":848,"exnihilosequentia:dripstone_pebble":3,"minecraft:stone_pickaxe":1,"exnihilosequentia:basalt_pebble":4},"minecraft:broken":{"exnihilosequentia:wooden_crook":10,"minecraft:stone_pickaxe":1,"exnihilosequentia:stone_hammer":8,"minecraft:stone_axe":5},"minecraft:mined":{"minecraft:white_bed":3,"gravestone:gravestone":11,"minecraft:grass_block":1,"exnihilosequentia:crushed_diorite":9,"minecraft:diorite_slab":15,"minecraft:andesite":13,"minecraft:granite_slab":1,"minecraft:oak_slab":1,"minecraft:crafting_table":1,"minecraft:chest":4,"minecraft:campfire":1,"minecraft:polished_diorite_slab":100,"minecraft:cobblestone":1580,"minecraft:diorite":9,"minecraft:wall_torch":8,"minecraft:oak_log":695,"minecraft:gravel":667,"minecraft:dirt":17,"minecraft:oak_leaves":213,"exnihilosequentia:infested_leaves":1011},"minecraft:crafted":{"minecraft:coarse_dirt":547,"minecraft:oak_planks":68,"exnihilosequentia:diorite_hammer":1,"exnihilosequentia:oak_sieve":1,"minecraft:granite":1426,"minecraft:diamond_helmet":1,"minecraft:polished_diorite":320,"minecraft:chest":2,"exnihilosequentia:wooden_crook":10,"minecraft:oak_slab":6,"minecraft:crafting_table":1,"minecraft:stone_axe":7,"minecraft:diorite":2061,"minecraft:air":12062,"minecraft:cobblestone":2875,"exnihilosequentia:stone_hammer":9,"minecraft:stick":18,"minecraft:iron_ingot":18,"minecraft:andesite":1897,"minecraft:diorite_slab":57,"minecraft:torch":4},"minecraft:custom":{"minecraft:mob_kills":25,"minecraft:interact_with_crafting_table":124,"minecraft:leave_game":3,"minecraft:time_since_death":1242,"minecraft:sprint_one_cm":237890,"minecraft:walk_one_cm":1188640,"minecraft:drop":244,"minecraft:play_time":382338,"minecraft:deaths":11,"minecraft:sneak_time":39579,"minecraft:walk_under_water_one_cm":25340,"minecraft:jump":1331,"minecraft:walk_on_water_one_cm":7730,"minecraft:total_world_time":382338,"minecraft:interact_with_furnace":5,"minecraft:sleep_in_bed":18,"minecraft:time_since_rest":1272,"minecraft:damage_taken":2787,"minecraft:damage_dealt":2182,"minecraft:fly_one_cm":235047,"minecraft:open_chest":85,"minecraft:crouch_one_cm":22001,"minecraft:fall_one_cm":171240},"minecraft:killed":{"minecraft:slime":17,"minecraft:husk":5,"minecraft:creeper":1,"minecraft:zombie":2},"minecraft:used":{"minecraft:chest":6,"minecraft:torch":8,"minecraft:dirt":92,"minecraft:granite":1,"exnihilosequentia:crushed_diorite":9,"exnihilosequentia:diorite_hammer":222,"exnihilosequentia:wooden_crook":1298,"minecraft:oak_sapling":124,"minecraft:diorite":10,"minecraft:stone_pickaxe":154,"exnihilosequentia:oak_sieve":1,"minecraft:crafting_table":1,"minecraft:white_bed":3,"minecraft:oak_log":16,"minecraft:apple":7,"minecraft:gravel":103,"minecraft:stone_axe":681,"minecraft:granite_slab":1,"minecraft:cobblestone":581,"exnihilosequentia:stone_hammer":2051,"minecraft:andesite":13,"exnihilosequentia:silkworm":92,"minecraft:diorite_slab":20}},"DataVersion":3465}