{"stats":{"minecraft:crafted":{"minecraft:oak_planks":44,"minecraft:cobblestone":431,"minecraft:crafting_table":1,"minecraft:stick":4,"minecraft:chest":2,"exnihilosequentia:diorite_hammer":1,"minecraft:andesite":273,"minecraft:diorite_slab":57,"minecraft:stone_axe":1,"exnihilosequentia:wooden_crook":1,"minecraft:diorite":378,"minecraft:air":1419},"minecraft:mined":{"minecraft:andesite":13,"minecraft:oak_log":15,"minecraft:gravel":4,"minecraft:cobblestone":178,"exnihilosequentia:crushed_diorite":9,"minecraft:diorite":9,"minecraft:oak_leaves":118,"exnihilosequentia:infested_leaves":36},"minecraft:dropped":{"minecraft:stone_axe":1,"exnihilosequentia:granite_pebble":1582,"minecraft:diorite":120,"exnihilosequentia:diorite_pebble":4,"minecraft:andesite":64,"exnihilosequentia:stone_pebble":720,"minecraft:cobblestone":128,"gtceu:crushed_copper_ore":70,"minecraft:diorite_slab":374,"exnihilosequentia:andesite_pebble":557,"minecraft:flint":1},"minecraft:picked_up":{"minecraft:stick":8,"minecraft:gravel":186,"minecraft:diorite_slab":32,"minecraft:flint":1,"exnihilosequentia:andesite_pebble":1785,"minecraft:oak_log":11,"exnihilosequentia:diorite_pebble":1766,"minecraft:diorite":64,"exnihilosequentia:granite_pebble":1711,"gtceu:crushed_sphalerite_ore":28,"exnihilosequentia:crushed_diorite":18,"exnihilosequentia:stone_pebble":2541,"minecraft:string":287,"exnihilosequentia:silkworm":13,"gtceu:crushed_copper_ore":79,"gtceu:crushed_tin_ore":31,"exnihilosequentia:crushed_andesite":13,"exnihilosequentia:wooden_crook":1,"gtceu:crushed_iron_ore":49,"minecraft:apple":7,"gtceu:crushed_magnetite_ore":23,"minecraft:oak_sapling":38},"minecraft:custom":{"minecraft:time_since_rest":912,"minecraft:sprint_one_cm":2721,"minecraft:damage_taken":190,"minecraft:walk_one_cm":164049,"minecraft:drop":78,"minecraft:interact_with_crafting_table":10,"minecraft:fly_one_cm":1430,"minecraft:open_chest":19,"minecraft:crouch_one_cm":12501,"minecraft:play_time":91457,"minecraft:sneak_time":9110,"minecraft:walk_under_water_one_cm":17567,"minecraft:jump":158,"minecraft:leave_game":1,"minecraft:time_since_death":91457,"minecraft:walk_on_water_one_cm":2668,"minecraft:sleep_in_bed":6,"minecraft:total_world_time":91457,"minecraft:fall_one_cm":80594},"minecraft:broken":{"exnihilosequentia:wooden_crook":2},"minecraft:used":{"exnihilosequentia:crushed_diorite":9,"minecraft:diorite":9,"minecraft:apple":3,"exnihilosequentia:diorite_hammer":209,"minecraft:chest":2,"minecraft:gravel":4,"exnihilosequentia:wooden_crook":164,"minecraft:cobblestone":178,"minecraft:crafting_table":1,"minecraft:oak_sapling":4,"minecraft:andesite":13,"exnihilosequentia:silkworm":10}},"DataVersion":3465}