{"stats":{"minecraft:crafted":{"minecraft:oak_slab":6,"minecraft:oak_planks":68,"minecraft:crafting_table":1,"exnihilosequentia:diorite_hammer":1,"minecraft:stone_axe":1,"minecraft:diorite":2061,"minecraft:air":9888,"exnihilosequentia:oak_sieve":1,"minecraft:granite":1426,"minecraft:polished_diorite":320,"minecraft:cobblestone":2875,"minecraft:stick":10,"minecraft:chest":2,"minecraft:andesite":1897,"minecraft:diorite_slab":57,"exnihilosequentia:wooden_crook":10},"minecraft:mined":{"minecraft:white_bed":3,"minecraft:crafting_table":1,"gravestone:gravestone":4,"minecraft:grass_block":1,"minecraft:chest":4,"minecraft:campfire":1,"minecraft:polished_diorite_slab":100,"minecraft:cobblestone":205,"minecraft:diorite":9,"exnihilosequentia:crushed_diorite":9,"minecraft:diorite_slab":15,"minecraft:andesite":13,"minecraft:granite_slab":1,"minecraft:oak_log":212,"minecraft:gravel":4,"minecraft:dirt":16,"minecraft:oak_leaves":213,"exnihilosequentia:infested_leaves":1011},"minecraft:dropped":{"minecraft:polished_diorite":1280,"exnihilosequentia:deepslate_pebble":2,"minecraft:stone_axe":1,"minecraft:sweet_berries":1,"exnihilosequentia:tuff_pebble":3,"exnihilosequentia:granite_pebble":2514,"minecraft:wheat_seeds":2,"exnihilosequentia:diorite_pebble":4,"minecraft:cherry_sapling":1,"minecraft:cobblestone":2501,"exnihilosequentia:silkworm":47,"minecraft:granite":1553,"gtceu:crushed_magnetite_ore":1,"minecraft:white_bed":1,"gtceu:crushed_copper_ore":71,"exnihilosequentia:andesite_pebble":685,"thermal:flax_seeds":3,"minecraft:flint":1,"minecraft:diorite":791,"exnihilosequentia:calcite_pebble":2,"minecraft:melon_seeds":2,"minecraft:beetroot_seeds":2,"minecraft:andesite":1632,"minecraft:oak_sapling":63,"exnihilosequentia:blackstone_pebble":1,"exnihilosequentia:stone_pebble":848,"minecraft:jungle_sapling":1,"exnihilosequentia:dripstone_pebble":3,"minecraft:stone_pickaxe":1,"minecraft:string":174,"minecraft:diorite_slab":374,"exnihilosequentia:basalt_pebble":4},"minecraft:picked_up":{"exnihilosequentia:basalt_pebble":4,"minecraft:charcoal":2,"minecraft:crafting_table":1,"exnihilosequentia:blackstone_pebble":1,"minecraft:polished_diorite_slab":87,"minecraft:andesite":192,"minecraft:diorite_slab":44,"exnihilosequentia:calcite_pebble":2,"minecraft:flint":1,"exnihilosequentia:andesite_pebble":8300,"minecraft:oak_log":208,"gravestone:obituary":2,"gtceu:crushed_sphalerite_ore":29,"minecraft:dirt":16,"minecraft:string":3713,"exnihilosequentia:crushed_andesite":13,"minecraft:apple":7,"minecraft:wheat_seeds":2,"minecraft:stone_pickaxe":4,"minecraft:jungle_sapling":1,"minecraft:chest":4,"exnihilosequentia:andesite_hammer":1,"minecraft:stick":44,"minecraft:sweet_berries":1,"exnihilosequentia:tuff_pebble":3,"minecraft:gravel":186,"exnihilosequentia:diorite_pebble":8257,"minecraft:granite_slab":1,"minecraft:diorite":192,"minecraft:white_bed":4,"exnihilosequentia:granite_pebble":8153,"exnihilosequentia:crushed_diorite":18,"exnihilosequentia:stone_pebble":12247,"thermal:flax_seeds":3,"exnihilosequentia:silkworm":1038,"gtceu:crushed_copper_ore":80,"gtceu:crushed_tin_ore":31,"exnihilosequentia:wooden_crook":2,"minecraft:slime_ball":12,"gtceu:crushed_iron_ore":49,"minecraft:stone_axe":2,"minecraft:beetroot_seeds":2,"exnihilosequentia:deepslate_pebble":2,"minecraft:granite":320,"minecraft:cherry_sapling":1,"exnihilosequentia:dripstone_pebble":3,"gtceu:crushed_magnetite_ore":24,"minecraft:oak_sapling":147,"minecraft:melon_seeds":2,"minecraft:cobblestone":347},"minecraft:custom":{"minecraft:mob_kills":17,"minecraft:interact_with_crafting_table":79,"minecraft:leave_game":2,"minecraft:time_since_death":7879,"minecraft:sleep_in_bed":14,"minecraft:time_since_rest":7907,"minecraft:sprint_one_cm":126898,"minecraft:damage_taken":1280,"minecraft:walk_one_cm":544700,"minecraft:drop":241,"minecraft:damage_dealt":476,"minecraft:fly_one_cm":147598,"minecraft:open_chest":76,"minecraft:crouch_one_cm":21433,"minecraft:play_time":246267,"minecraft:deaths":4,"minecraft:sneak_time":38438,"minecraft:walk_under_water_one_cm":24542,"minecraft:jump":892,"minecraft:walk_on_water_one_cm":6107,"minecraft:total_world_time":246267,"minecraft:fall_one_cm":168417},"minecraft:broken":{"minecraft:stone_pickaxe":1,"minecraft:stone_axe":1,"exnihilosequentia:wooden_crook":10},"minecraft:killed":{"minecraft:slime":17},"minecraft:used":{"minecraft:diorite":10,"minecraft:stone_pickaxe":140,"minecraft:chest":6,"exnihilosequentia:oak_sieve":1,"minecraft:dirt":82,"minecraft:crafting_table":1,"minecraft:white_bed":3,"minecraft:granite":1,"minecraft:oak_log":16,"exnihilosequentia:crushed_diorite":9,"minecraft:apple":7,"exnihilosequentia:diorite_hammer":222,"minecraft:stone_axe":152,"minecraft:gravel":4,"minecraft:granite_slab":1,"exnihilosequentia:wooden_crook":1298,"minecraft:cobblestone":217,"minecraft:oak_sapling":34,"minecraft:andesite":13,"exnihilosequentia:silkworm":92,"minecraft:diorite_slab":20}},"DataVersion":3465}