{"stats":{"minecraft:crafted":{"minecraft:oak_planks":44,"minecraft:polished_diorite":64,"minecraft:cobblestone":742,"minecraft:crafting_table":1,"minecraft:stick":4,"minecraft:chest":2,"exnihilosequentia:diorite_hammer":1,"minecraft:andesite":437,"minecraft:diorite_slab":57,"minecraft:stone_axe":1,"exnihilosequentia:wooden_crook":2,"minecraft:diorite":653,"minecraft:air":2425},"minecraft:mined":{"minecraft:andesite":13,"minecraft:oak_log":45,"minecraft:gravel":4,"minecraft:cobblestone":178,"exnihilosequentia:crushed_diorite":9,"minecraft:diorite":9,"minecraft:oak_leaves":213,"exnihilosequentia:infested_leaves":85},"minecraft:dropped":{"minecraft:polished_diorite":256,"minecraft:stone_axe":1,"exnihilosequentia:granite_pebble":2514,"minecraft:diorite":120,"exnihilosequentia:diorite_pebble":4,"minecraft:andesite":64,"minecraft:oak_sapling":63,"exnihilosequentia:stone_pebble":848,"minecraft:cobblestone":128,"exnihilosequentia:silkworm":47,"minecraft:string":174,"gtceu:crushed_copper_ore":70,"minecraft:diorite_slab":374,"exnihilosequentia:andesite_pebble":685,"minecraft:flint":1},"minecraft:picked_up":{"minecraft:stick":20,"minecraft:gravel":186,"minecraft:diorite_slab":32,"minecraft:flint":1,"exnihilosequentia:andesite_pebble":2650,"minecraft:oak_log":41,"exnihilosequentia:diorite_pebble":2656,"minecraft:diorite":64,"exnihilosequentia:granite_pebble":2606,"gtceu:crushed_sphalerite_ore":28,"exnihilosequentia:crushed_diorite":18,"exnihilosequentia:stone_pebble":3898,"minecraft:string":461,"exnihilosequentia:silkworm":65,"gtceu:crushed_copper_ore":79,"gtceu:crushed_tin_ore":31,"exnihilosequentia:crushed_andesite":13,"exnihilosequentia:wooden_crook":1,"gtceu:crushed_iron_ore":49,"minecraft:apple":7,"gtceu:crushed_magnetite_ore":23,"minecraft:oak_sapling":133},"minecraft:custom":{"minecraft:time_since_rest":22255,"minecraft:sprint_one_cm":8907,"minecraft:damage_taken":190,"minecraft:walk_one_cm":203986,"minecraft:drop":108,"minecraft:interact_with_crafting_table":12,"minecraft:fly_one_cm":7132,"minecraft:open_chest":27,"minecraft:crouch_one_cm":14028,"minecraft:play_time":112800,"minecraft:sneak_time":13557,"minecraft:walk_under_water_one_cm":19594,"minecraft:jump":221,"minecraft:leave_game":1,"minecraft:time_since_death":112800,"minecraft:walk_on_water_one_cm":3682,"minecraft:sleep_in_bed":6,"minecraft:total_world_time":112800,"minecraft:fall_one_cm":80803},"minecraft:broken":{"exnihilosequentia:wooden_crook":3},"minecraft:used":{"exnihilosequentia:crushed_diorite":9,"minecraft:diorite":10,"minecraft:apple":3,"exnihilosequentia:diorite_hammer":209,"minecraft:chest":2,"minecraft:gravel":4,"exnihilosequentia:wooden_crook":338,"minecraft:cobblestone":178,"minecraft:crafting_table":1,"minecraft:oak_sapling":10,"minecraft:andesite":13,"exnihilosequentia:silkworm":15}},"DataVersion":3465}