{"stats":{"minecraft:crafted":{"minecraft:oak_slab":6,"minecraft:oak_planks":56,"minecraft:crafting_table":1,"exnihilosequentia:diorite_hammer":1,"minecraft:stone_axe":1,"minecraft:diorite":1933,"minecraft:air":9119,"exnihilosequentia:oak_sieve":1,"minecraft:granite":1234,"minecraft:polished_diorite":320,"minecraft:cobblestone":2624,"minecraft:stick":8,"minecraft:chest":2,"minecraft:andesite":1713,"minecraft:diorite_slab":57,"exnihilosequentia:wooden_crook":2},"minecraft:mined":{"minecraft:white_bed":1,"gravestone:gravestone":1,"minecraft:cobblestone":178,"minecraft:diorite":9,"exnihilosequentia:crushed_diorite":9,"minecraft:diorite_slab":2,"minecraft:andesite":13,"minecraft:granite_slab":1,"minecraft:oak_log":45,"minecraft:gravel":4,"minecraft:oak_leaves":213,"exnihilosequentia:infested_leaves":85},"minecraft:dropped":{"minecraft:polished_diorite":1280,"exnihilosequentia:deepslate_pebble":2,"minecraft:stone_axe":1,"minecraft:sweet_berries":1,"exnihilosequentia:tuff_pebble":3,"exnihilosequentia:granite_pebble":2514,"minecraft:wheat_seeds":2,"exnihilosequentia:diorite_pebble":4,"minecraft:cherry_sapling":1,"minecraft:cobblestone":2309,"exnihilosequentia:silkworm":47,"minecraft:granite":1361,"minecraft:white_bed":1,"gtceu:crushed_copper_ore":71,"exnihilosequentia:andesite_pebble":685,"thermal:flax_seeds":3,"minecraft:flint":1,"minecraft:diorite":663,"exnihilosequentia:calcite_pebble":2,"minecraft:melon_seeds":2,"minecraft:beetroot_seeds":2,"minecraft:andesite":1440,"minecraft:oak_sapling":63,"exnihilosequentia:blackstone_pebble":1,"exnihilosequentia:stone_pebble":848,"minecraft:jungle_sapling":1,"exnihilosequentia:dripstone_pebble":3,"minecraft:string":174,"minecraft:diorite_slab":374,"exnihilosequentia:basalt_pebble":4},"minecraft:picked_up":{"exnihilosequentia:basalt_pebble":4,"exnihilosequentia:blackstone_pebble":1,"minecraft:andesite":192,"minecraft:diorite_slab":33,"exnihilosequentia:calcite_pebble":2,"minecraft:flint":1,"exnihilosequentia:andesite_pebble":7800,"minecraft:oak_log":41,"gtceu:crushed_sphalerite_ore":28,"minecraft:string":461,"exnihilosequentia:crushed_andesite":13,"minecraft:apple":7,"minecraft:wheat_seeds":2,"minecraft:jungle_sapling":1,"minecraft:stick":20,"minecraft:sweet_berries":1,"exnihilosequentia:tuff_pebble":3,"minecraft:gravel":186,"exnihilosequentia:diorite_pebble":7749,"minecraft:granite_slab":1,"minecraft:diorite":192,"minecraft:white_bed":1,"exnihilosequentia:granite_pebble":7635,"exnihilosequentia:crushed_diorite":18,"exnihilosequentia:stone_pebble":11486,"thermal:flax_seeds":3,"exnihilosequentia:silkworm":65,"gtceu:crushed_copper_ore":80,"gtceu:crushed_tin_ore":31,"exnihilosequentia:wooden_crook":1,"gtceu:crushed_iron_ore":49,"minecraft:beetroot_seeds":2,"exnihilosequentia:deepslate_pebble":2,"minecraft:granite":320,"minecraft:cherry_sapling":1,"exnihilosequentia:dripstone_pebble":3,"gtceu:crushed_magnetite_ore":23,"minecraft:oak_sapling":134,"minecraft:melon_seeds":2,"minecraft:cobblestone":320},"minecraft:custom":{"minecraft:interact_with_crafting_table":59,"minecraft:leave_game":2,"minecraft:time_since_death":25950,"minecraft:sleep_in_bed":7,"minecraft:time_since_rest":14502,"minecraft:sprint_one_cm":17455,"minecraft:damage_taken":520,"minecraft:walk_one_cm":298325,"minecraft:drop":228,"minecraft:fly_one_cm":14267,"minecraft:open_chest":45,"minecraft:crouch_one_cm":18157,"minecraft:play_time":188924,"minecraft:deaths":1,"minecraft:sneak_time":35589,"minecraft:walk_under_water_one_cm":24268,"minecraft:jump":328,"minecraft:walk_on_water_one_cm":4395,"minecraft:total_world_time":188924,"minecraft:fall_one_cm":86182},"minecraft:broken":{"exnihilosequentia:wooden_crook":3},"minecraft:used":{"minecraft:diorite":10,"minecraft:chest":2,"exnihilosequentia:oak_sieve":1,"minecraft:crafting_table":1,"minecraft:granite":1,"exnihilosequentia:crushed_diorite":9,"minecraft:apple":4,"exnihilosequentia:diorite_hammer":213,"minecraft:gravel":4,"minecraft:granite_slab":1,"exnihilosequentia:wooden_crook":338,"minecraft:cobblestone":190,"minecraft:oak_sapling":10,"minecraft:andesite":13,"exnihilosequentia:silkworm":15,"minecraft:diorite_slab":1}},"DataVersion":3465}