{"stats":{"minecraft:killed_by":{"minecraft:husk":1,"minecraft:enderman":2},"minecraft:crafted":{"minecraft:coarse_dirt":547,"minecraft:oak_planks":68,"exnihilosequentia:diorite_hammer":1,"exnihilosequentia:oak_sieve":1,"minecraft:granite":1426,"minecraft:diamond_helmet":1,"minecraft:polished_diorite":320,"minecraft:chest":2,"exnihilosequentia:wooden_crook":10,"minecraft:oak_slab":6,"minecraft:crafting_table":1,"minecraft:stone_axe":7,"minecraft:diorite":2061,"minecraft:air":12061,"minecraft:cobblestone":2875,"exnihilosequentia:stone_hammer":3,"minecraft:stick":18,"minecraft:andesite":1897,"minecraft:diorite_slab":57,"minecraft:torch":4},"minecraft:mined":{"minecraft:white_bed":3,"gravestone:gravestone":9,"minecraft:grass_block":1,"exnihilosequentia:crushed_diorite":9,"minecraft:diorite_slab":15,"minecraft:andesite":13,"minecraft:granite_slab":1,"minecraft:oak_slab":1,"minecraft:crafting_table":1,"minecraft:chest":4,"minecraft:campfire":1,"minecraft:polished_diorite_slab":100,"minecraft:cobblestone":678,"minecraft:diorite":9,"minecraft:wall_torch":8,"minecraft:oak_log":695,"minecraft:gravel":199,"minecraft:dirt":17,"minecraft:oak_leaves":213,"exnihilosequentia:infested_leaves":1011},"minecraft:dropped":{"exnihilosequentia:tuff_pebble":3,"exnihilosequentia:granite_pebble":2514,"minecraft:wheat_seeds":2,"exnihilosequentia:diorite_pebble":4,"minecraft:cobblestone":2501,"minecraft:granite":1553,"gtceu:crushed_magnetite_ore":1,"exnihilosequentia:andesite_pebble":685,"minecraft:flint":1,"thermal:flax_seeds":3,"minecraft:diorite":791,"exnihilosequentia:blackstone_pebble":1,"minecraft:jungle_sapling":1,"create:goggles":1,"exnihilosequentia:stone_hammer":1,"minecraft:string":174,"minecraft:diorite_slab":374,"minecraft:polished_diorite":1280,"exnihilosequentia:deepslate_pebble":2,"minecraft:stone_axe":1,"minecraft:sweet_berries":2,"minecraft:cherry_sapling":1,"exnihilosequentia:silkworm":47,"minecraft:white_bed":1,"gtceu:crushed_copper_ore":71,"exnihilosequentia:calcite_pebble":2,"minecraft:andesite":1632,"minecraft:beetroot_seeds":2,"minecraft:melon_seeds":2,"minecraft:oak_sapling":63,"exnihilosequentia:stone_pebble":848,"exnihilosequentia:dripstone_pebble":3,"minecraft:stone_pickaxe":1,"exnihilosequentia:basalt_pebble":4},"minecraft:picked_up":{"minecraft:charcoal":2,"minecraft:cocoa_beans":7,"minecraft:crafting_table":1,"minecraft:diorite_slab":44,"exnihilosequentia:andesite_pebble":8414,"exnihilosequentia:calcite_pebble":113,"gravestone:obituary":2,"gtceu:crushed_sphalerite_ore":34,"minecraft:string":3713,"exnihilosequentia:crushed_andesite":13,"minecraft:large_fern":7,"minecraft:jungle_sapling":11,"minecraft:sugar_cane":9,"minecraft:chest":4,"minecraft:birch_sapling":6,"thermal:slime_mushroom_spores":60,"exnihilosequentia:andesite_hammer":1,"minecraft:dark_oak_sapling":9,"minecraft:stick":183,"minecraft:torch":8,"exnihilosequentia:diorite_pebble":8365,"minecraft:diorite":192,"exnihilosequentia:granite_pebble":8274,"minecraft:carrot":12,"exnihilosequentia:stone_pebble":12830,"thermal:flax_seeds":54,"gtceu:crushed_copper_ore":103,"gtceu:crushed_tin_ore":41,"exnihilosequentia:wooden_crook":2,"exnihilosequentia:mycelium_spores":10,"minecraft:cactus":8,"minecraft:rotten_flesh":5,"minecraft:beetroot_seeds":58,"exnihilosequentia:deepslate_pebble":102,"exnihilosequentia:dripstone_pebble":121,"minecraft:cobblestone":347,"exnihilosequentia:basalt_pebble":109,"exnihilosequentia:blackstone_pebble":122,"minecraft:polished_diorite_slab":87,"minecraft:andesite":192,"minecraft:fern":14,"minecraft:potato":7,"minecraft:flint":1,"minecraft:oak_log":691,"minecraft:gunpowder":2,"minecraft:lapis_lazuli":11,"minecraft:dirt":3076,"minecraft:apple":25,"minecraft:wheat_seeds":127,"minecraft:stone_pickaxe":4,"create:goggles":1,"exnihilosequentia:grass_seeds":15,"minecraft:bamboo":13,"minecraft:acacia_sapling":7,"minecraft:oak_slab":1,"minecraft:sweet_berries":14,"exnihilosequentia:tuff_pebble":99,"minecraft:quartz":39,"minecraft:gravel":1569,"minecraft:sand":195,"minecraft:amethyst_shard":23,"exnihilosequentia:stone_hammer":1,"minecraft:granite_slab":1,"minecraft:spruce_sapling":9,"minecraft:white_bed":4,"exnihilosequentia:crushed_diorite":18,"exnihilosequentia:silkworm":1038,"minecraft:pumpkin_seeds":57,"minecraft:slime_ball":12,"gtceu:crushed_iron_ore":70,"minecraft:diamond":13,"minecraft:stone_axe":2,"minecraft:granite":320,"minecraft:cherry_sapling":7,"minecraft:emerald":11,"gtceu:crushed_magnetite_ore":34,"minecraft:oak_sapling":379,"minecraft:melon_seeds":62,"minecraft:sunflower":8},"minecraft:custom":{"minecraft:mob_kills":25,"minecraft:interact_with_crafting_table":123,"minecraft:leave_game":2,"minecraft:time_since_death":3015,"minecraft:sprint_one_cm":214254,"minecraft:walk_one_cm":1059319,"minecraft:drop":244,"minecraft:play_time":354267,"minecraft:deaths":9,"minecraft:sneak_time":39579,"minecraft:walk_under_water_one_cm":25340,"minecraft:jump":1238,"minecraft:walk_on_water_one_cm":7657,"minecraft:total_world_time":354267,"minecraft:interact_with_furnace":1,"minecraft:sleep_in_bed":18,"minecraft:time_since_rest":3044,"minecraft:damage_taken":2375,"minecraft:damage_dealt":2182,"minecraft:fly_one_cm":214159,"minecraft:open_chest":82,"minecraft:crouch_one_cm":22001,"minecraft:fall_one_cm":171240},"minecraft:broken":{"exnihilosequentia:wooden_crook":10,"minecraft:stone_pickaxe":1,"exnihilosequentia:stone_hammer":2,"minecraft:stone_axe":5},"minecraft:killed":{"minecraft:slime":17,"minecraft:husk":5,"minecraft:creeper":1,"minecraft:zombie":2},"minecraft:used":{"minecraft:chest":6,"minecraft:torch":8,"minecraft:dirt":92,"minecraft:granite":1,"exnihilosequentia:crushed_diorite":9,"exnihilosequentia:diorite_hammer":222,"exnihilosequentia:wooden_crook":1298,"minecraft:oak_sapling":124,"minecraft:diorite":10,"minecraft:stone_pickaxe":154,"exnihilosequentia:oak_sieve":1,"minecraft:crafting_table":1,"minecraft:white_bed":3,"minecraft:oak_log":16,"minecraft:apple":7,"minecraft:gravel":79,"minecraft:stone_axe":681,"minecraft:granite_slab":1,"minecraft:cobblestone":547,"exnihilosequentia:stone_hammer":681,"minecraft:andesite":13,"exnihilosequentia:silkworm":92,"minecraft:diorite_slab":20}},"DataVersion":3465}