{"stats":{"minecraft:crafted":{"minecraft:oak_planks":44,"minecraft:cobblestone":50,"minecraft:crafting_table":1,"minecraft:stick":4,"minecraft:chest":2,"exnihilosequentia:diorite_hammer":1,"minecraft:andesite":48,"exnihilosequentia:wooden_crook":1,"minecraft:diorite":11,"minecraft:air":106},"minecraft:mined":{"minecraft:andesite":13,"minecraft:oak_log":15,"minecraft:gravel":4,"minecraft:cobblestone":13,"exnihilosequentia:crushed_diorite":9,"minecraft:diorite":9,"minecraft:oak_leaves":118,"exnihilosequentia:infested_leaves":36},"minecraft:picked_up":{"minecraft:stick":7,"minecraft:gravel":21,"minecraft:flint":1,"exnihilosequentia:andesite_pebble":248,"minecraft:oak_log":11,"exnihilosequentia:diorite_pebble":231,"exnihilosequentia:granite_pebble":259,"gtceu:crushed_sphalerite_ore":2,"exnihilosequentia:crushed_diorite":18,"exnihilosequentia:stone_pebble":374,"minecraft:string":287,"exnihilosequentia:silkworm":13,"gtceu:crushed_copper_ore":9,"exnihilosequentia:crushed_andesite":13,"exnihilosequentia:wooden_crook":1,"gtceu:crushed_iron_ore":4,"minecraft:apple":7,"gtceu:crushed_magnetite_ore":5,"minecraft:oak_sapling":34},"minecraft:custom":{"minecraft:time_since_rest":11976,"minecraft:sprint_one_cm":1531,"minecraft:damage_taken":190,"minecraft:walk_one_cm":85592,"minecraft:interact_with_crafting_table":5,"minecraft:fly_one_cm":175,"minecraft:open_chest":8,"minecraft:crouch_one_cm":10860,"minecraft:play_time":40800,"minecraft:sneak_time":2703,"minecraft:walk_under_water_one_cm":17567,"minecraft:jump":102,"minecraft:leave_game":1,"minecraft:time_since_death":40800,"minecraft:walk_on_water_one_cm":2487,"minecraft:sleep_in_bed":3,"minecraft:total_world_time":40800,"minecraft:fall_one_cm":80594},"minecraft:broken":{"exnihilosequentia:wooden_crook":2},"minecraft:used":{"exnihilosequentia:crushed_diorite":9,"minecraft:diorite":9,"minecraft:apple":2,"exnihilosequentia:diorite_hammer":44,"minecraft:chest":2,"minecraft:gravel":4,"exnihilosequentia:wooden_crook":164,"minecraft:cobblestone":13,"minecraft:crafting_table":1,"minecraft:oak_sapling":3,"minecraft:andesite":13,"exnihilosequentia:silkworm":10}},"DataVersion":3465}