{
  "minecraft:recipes/decorations/crafting_table": {
    "criteria": {
      "unlock_right_away": "2024-11-23 03:38:05 +0000"
    },
    "done": true
  },
  "minecraft:adventure/adventuring_time": {
    "criteria": {
      "minecraft:desert": "2024-11-23 03:38:06 +0000"
    },
    "done": false
  },
  "toms_storage:unlock_glowstone": {
    "criteria": {
      "inv_changed-glowstone": "2024-11-23 03:39:47 +0000"
    },
    "done": true
  },
  "ae2wtlib:recipes/magnet_card": {
    "criteria": {
      "has_wct": "2024-11-23 03:39:47 +0000"
    },
    "done": true
  },
  "create:root": {
    "criteria": {
      "0": "2024-11-23 03:39:47 +0000"
    },
    "done": true
  },
  "ae2wtlib:recipes/wireless_universal_terminal/upgrade_pattern_access": {
    "criteria": {
      "has_wit": "2024-11-23 03:39:47 +0000"
    },
    "done": true
  },
  "exnihilosequentia:recipes/tools/ens_stone_crook": {
    "criteria": {
      "has_pebble": "2024-11-23 03:39:47 +0000"
    },
    "done": true
  },
  "exnihilosequentia:recipes/tools/ens_granite_crook": {
    "criteria": {
      "has_pebble": "2024-11-23 03:39:47 +0000"
    },
    "done": true
  },
  "toms_storage:unlock_netherite": {
    "criteria": {
      "inv_changed-netherite": "2024-11-23 03:39:47 +0000"
    },
    "done": true
  },
  "toms_storage:unlock_chest": {
    "criteria": {
      "inv_changed-chest": "2024-11-23 03:39:47 +0000"
    },
    "done": true
  },
  "minecraft:recipes/building_blocks/ens_cobblestone": {
    "criteria": {
      "has_pebble": "2024-11-23 03:39:47 +0000"
    },
    "done": true
  },
  "ae2wtlib:recipes/wireless_universal_terminal/upgrade_pattern_encoding": {
    "criteria": {
      "has_wpt": "2024-11-23 03:39:47 +0000"
    },
    "done": true
  },
  "ae2wtlib:recipes/wireless_universal_terminal/ce": {
    "criteria": {
      "has_wpt": "2024-11-23 03:39:47 +0000",
      "has_wct": "2024-11-23 03:39:47 +0000"
    },
    "done": true
  },
  "ae2wtlib:recipes/wireless_universal_terminal/ca": {
    "criteria": {
      "has_wit": "2024-11-23 03:39:47 +0000",
      "has_wct": "2024-11-23 03:39:47 +0000"
    },
    "done": true
  },
  "ae2wtlib:recipes/wireless_universal_terminal/upgrade_crafting": {
    "criteria": {
      "has_wct": "2024-11-23 03:39:47 +0000"
    },
    "done": true
  },
  "ae2wtlib:recipes/wireless_universal_terminal/ae": {
    "criteria": {
      "has_wit": "2024-11-23 03:39:47 +0000",
      "has_wpt": "2024-11-23 03:39:47 +0000"
    },
    "done": true
  },
  "ae2wtlib:recipes/wireless_pattern_access_terminal": {
    "criteria": {
      "has_wt": "2024-11-23 03:39:47 +0000"
    },
    "done": true
  },
  "minecraft:recipes/building_blocks/ens_granite": {
    "criteria": {
      "has_pebble": "2024-11-23 03:39:47 +0000"
    },
    "done": true
  },
  "ae2wtlib:recipes/quantum_bridge_card": {
    "criteria": {
      "has_wit": "2024-11-23 03:39:47 +0000",
      "has_wpt": "2024-11-23 03:39:47 +0000",
      "has_wct": "2024-11-23 03:39:47 +0000"
    },
    "done": true
  },
  "ae2wtlib:recipes/wireless_pattern_encoding_terminal": {
    "criteria": {
      "has_wt": "2024-11-23 03:39:47 +0000"
    },
    "done": true
  },
  "architects_palette:main/root": {
    "criteria": {
      "craftingtable": "2024-11-23 03:39:47 +0000"
    },
    "done": true
  },
  "farmersdelight:main/root": {
    "criteria": {
      "seeds": "2024-11-23 03:39:47 +0000"
    },
    "done": true
  },
  "toms_storage:unlock_dia_pearl": {
    "criteria": {
      "inv_changed-ender_pearl": "2024-11-23 03:39:47 +0000",
      "inv_changed-diamond": "2024-11-23 03:39:47 +0000"
    },
    "done": true
  },
  "minecraft:recipes/building_blocks/ens_diorite": {
    "criteria": {
      "has_pebble": "2024-11-23 03:39:50 +0000"
    },
    "done": true
  },
  "exnihilosequentia:recipes/tools/ens_diorite_crook": {
    "criteria": {
      "has_pebble": "2024-11-23 03:39:50 +0000"
    },
    "done": true
  },
  "exnihilosequentia:recipes/tools/ens_andesite_crook": {
    "criteria": {
      "has_pebble": "2024-11-23 03:39:52 +0000"
    },
    "done": true
  },
  "minecraft:recipes/building_blocks/ens_andesite": {
    "criteria": {
      "has_pebble": "2024-11-23 03:39:52 +0000"
    },
    "done": true
  },
  "minecraft:story/mine_stone": {
    "criteria": {
      "get_stone": "2024-11-23 03:40:02 +0000"
    },
    "done": true
  },
  "minecraft:recipes/decorations/furnace": {
    "criteria": {
      "has_cobblestone": "2024-11-23 03:40:02 +0000"
    },
    "done": true
  },
  "architects_palette:recipes/warping/craterstone_from_cobblestone_warping": {
    "criteria": {
      "has_cobblestone": "2024-11-23 03:40:02 +0000"
    },
    "done": true
  },
  "exnihilosequentia:recipes/tools/ens_stone_hammer": {
    "criteria": {
      "has_material": "2024-11-23 03:40:02 +0000"
    },
    "done": true
  },
  "minecraft:recipes/building_blocks/cobblestone_slab_from_cobblestone_stonecutting": {
    "criteria": {
      "has_cobblestone": "2024-11-23 03:40:02 +0000"
    },
    "done": true
  },
  "minecraft:recipes/building_blocks/stone": {
    "criteria": {
      "has_cobblestone": "2024-11-23 03:40:02 +0000"
    },
    "done": true
  },
  "minecraft:recipes/tools/stone_pickaxe": {
    "criteria": {
      "has_cobblestone": "2024-11-23 03:40:02 +0000"
    },
    "done": true
  },
  "minecraft:recipes/building_blocks/cobblestone_slab": {
    "criteria": {
      "has_cobblestone": "2024-11-23 03:40:02 +0000"
    },
    "done": true
  },
  "minecraft:recipes/decorations/cobblestone_wall_from_cobblestone_stonecutting": {
    "criteria": {
      "has_cobblestone": "2024-11-23 03:40:02 +0000"
    },
    "done": true
  },
  "minecraft:recipes/building_blocks/cobblestone_stairs": {
    "criteria": {
      "has_cobblestone": "2024-11-23 03:40:02 +0000"
    },
    "done": true
  },
  "minecraft:recipes/tools/stone_shovel": {
    "criteria": {
      "has_cobblestone": "2024-11-23 03:40:02 +0000"
    },
    "done": true
  },
  "minecraft:recipes/redstone/lever": {
    "criteria": {
      "has_cobblestone": "2024-11-23 03:40:02 +0000"
    },
    "done": true
  },
  "minecraft:recipes/combat/stone_sword": {
    "criteria": {
      "has_cobblestone": "2024-11-23 03:40:02 +0000"
    },
    "done": true
  },
  "minecraft:recipes/decorations/cobblestone_wall": {
    "criteria": {
      "has_cobblestone": "2024-11-23 03:40:02 +0000"
    },
    "done": true
  },
  "minecraft:recipes/tools/stone_axe": {
    "criteria": {
      "has_cobblestone": "2024-11-23 03:40:02 +0000"
    },
    "done": true
  },
  "minecraft:recipes/building_blocks/cobblestone_stairs_from_cobblestone_stonecutting": {
    "criteria": {
      "has_cobblestone": "2024-11-23 03:40:02 +0000"
    },
    "done": true
  },
  "minecraft:recipes/tools/stone_hoe": {
    "criteria": {
      "has_cobblestone": "2024-11-23 03:40:02 +0000"
    },
    "done": true
  },
  "woodenbucket:recipes/misc/wooden_bucket": {
    "criteria": {
      "has_log": "2024-11-23 03:40:36 +0000"
    },
    "done": true
  },
  "exnihilosequentia:recipes/misc/ens_oak_crucible": {
    "criteria": {
      "has_logs": "2024-11-23 03:40:36 +0000"
    },
    "done": true
  },
  "minecraft:recipes/misc/charcoal": {
    "criteria": {
      "has_log": "2024-11-23 03:40:36 +0000"
    },
    "done": true
  },
  "minecraft:recipes/building_blocks/oak_planks": {
    "criteria": {
      "has_logs": "2024-11-23 03:40:36 +0000"
    },
    "done": true
  },
  "minecraft:recipes/building_blocks/oak_wood": {
    "criteria": {
      "has_log": "2024-11-23 03:40:36 +0000"
    },
    "done": true
  },
  "minecraft:recipes/decorations/ladder": {
    "criteria": {
      "has_stick": "2024-11-23 03:40:37 +0000"
    },
    "done": true
  },
  "exnihilosequentia:recipes/tools/ens_wooden_crook": {
    "criteria": {
      "has_pebble": "2024-11-23 03:40:37 +0000"
    },
    "done": true
  },
  "minecraft:recipes/tools/wooden_axe": {
    "criteria": {
      "has_stick": "2024-11-23 03:40:37 +0000"
    },
    "done": true
  },
  "exnihilosequentia:recipes/tools/ens_andesite_hammer": {
    "criteria": {
      "has_stick": "2024-11-23 03:40:37 +0000"
    },
    "done": true
  },
  "exnihilosequentia:recipes/tools/ens_basalt_hammer": {
    "criteria": {
      "has_stick": "2024-11-23 03:40:37 +0000"
    },
    "done": true
  },
  "exnihilosequentia:recipes/tools/ens_iron_hammer": {
    "criteria": {
      "has_stick": "2024-11-23 03:40:37 +0000"
    },
    "done": true
  },
  "minecraft:recipes/decorations/campfire": {
    "criteria": {
      "has_stick": "2024-11-23 03:40:37 +0000"
    },
    "done": true
  },
  "minecraft:recipes/tools/wooden_hoe": {
    "criteria": {
      "has_stick": "2024-11-23 03:40:37 +0000"
    },
    "done": true
  },
  "exnihilosequentia:recipes/tools/ens_dripstone_hammer": {
    "criteria": {
      "has_stick": "2024-11-23 03:40:37 +0000"
    },
    "done": true
  },
  "minecraft:recipes/tools/wooden_shovel": {
    "criteria": {
      "has_stick": "2024-11-23 03:40:37 +0000"
    },
    "done": true
  },
  "minecraft:recipes/combat/wooden_sword": {
    "criteria": {
      "has_stick": "2024-11-23 03:40:37 +0000"
    },
    "done": true
  },
  "exnihilosequentia:recipes/tools/ens_terracotta_hammer": {
    "criteria": {
      "has_stick": "2024-11-23 03:40:37 +0000"
    },
    "done": true
  },
  "exnihilosequentia:recipes/tools/ens_granite_hammer": {
    "criteria": {
      "has_stick": "2024-11-23 03:40:37 +0000"
    },
    "done": true
  },
  "ae2:recipes/misc/network/blocks/crank": {
    "criteria": {
      "has_stick": "2024-11-23 03:40:37 +0000"
    },
    "done": true
  },
  "exnihilosequentia:recipes/tools/ens_tuff_hammer": {
    "criteria": {
      "has_stick": "2024-11-23 03:40:37 +0000"
    },
    "done": true
  },
  "exnihilosequentia:recipes/tools/ens_nether_brick_hammer": {
    "criteria": {
      "has_stick": "2024-11-23 03:40:37 +0000"
    },
    "done": true
  },
  "exnihilosequentia:recipes/tools/ens_cherry_hammer": {
    "criteria": {
      "has_stick": "2024-11-23 03:40:37 +0000"
    },
    "done": true
  },
  "exnihilosequentia:recipes/tools/ens_red_nether_brick_hammer": {
    "criteria": {
      "has_stick": "2024-11-23 03:40:37 +0000"
    },
    "done": true
  },
  "farmersdelight:recipes/combat/flint_knife": {
    "criteria": {
      "has_stick": "2024-11-23 03:40:37 +0000"
    },
    "done": true
  },
  "exnihilosequentia:recipes/tools/ens_copper_hammer": {
    "criteria": {
      "has_stick": "2024-11-23 03:40:37 +0000"
    },
    "done": true
  },
  "exnihilosequentia:recipes/tools/ens_golden_hammer": {
    "criteria": {
      "has_stick": "2024-11-23 03:40:37 +0000"
    },
    "done": true
  },
  "exnihilosequentia:recipes/tools/ens_bamboo_hammer": {
    "criteria": {
      "has_stick": "2024-11-23 03:40:37 +0000"
    },
    "done": true
  },
  "exnihilosequentia:recipes/tools/ens_calcite_hammer": {
    "criteria": {
      "has_stick": "2024-11-23 03:40:37 +0000"
    },
    "done": true
  },
  "exnihilosequentia:recipes/tools/ens_diorite_hammer": {
    "criteria": {
      "has_stick": "2024-11-23 03:40:37 +0000"
    },
    "done": true
  },
  "minecraft:recipes/tools/wooden_pickaxe": {
    "criteria": {
      "has_stick": "2024-11-23 03:40:37 +0000"
    },
    "done": true
  },
  "exnihilosequentia:recipes/tools/ens_wooden_hammer": {
    "criteria": {
      "has_stick": "2024-11-23 03:40:37 +0000"
    },
    "done": true
  },
  "exnihilosequentia:recipes/tools/ens_deepslate_hammer": {
    "criteria": {
      "has_stick": "2024-11-23 03:40:37 +0000"
    },
    "done": true
  },
  "exnihilosequentia:recipes/tools/ens_blackstone_hammer": {
    "criteria": {
      "has_stick": "2024-11-23 03:40:37 +0000"
    },
    "done": true
  },
  "farmersdelight:recipes/decorations/cutting_board": {
    "criteria": {
      "has_stick": "2024-11-23 03:40:37 +0000"
    },
    "done": true
  },
  "exnihilosequentia:recipes/tools/ens_diamond_hammer": {
    "criteria": {
      "has_stick": "2024-11-23 03:40:37 +0000"
    },
    "done": true
  },
  "exnihilosequentia:recipes/misc/ens_beehive_frame": {
    "criteria": {
      "has_stick": "2024-11-23 03:40:37 +0000"
    },
    "done": true
  },
  "minecraft:recipes/decorations/oak_sign": {
    "criteria": {
      "has_planks": "2024-11-23 03:41:19 +0000"
    },
    "done": true
  },
  "exnihilosequentia:recipes/misc/ens_oak_sieve": {
    "criteria": {
      "has_plank": "2024-11-23 03:41:19 +0000"
    },
    "done": true
  },
  "minecraft:recipes/misc/stick": {
    "criteria": {
      "has_planks": "2024-11-23 03:41:19 +0000"
    },
    "done": true
  },
  "framedblocks:recipes/building_blocks/framed_cube": {
    "criteria": {
      "hasPlanks": "2024-11-23 03:41:19 +0000"
    },
    "done": true
  },
  "minecraft:recipes/building_blocks/oak_slab": {
    "criteria": {
      "has_planks": "2024-11-23 03:41:19 +0000"
    },
    "done": true
  },
  "minecraft:recipes/redstone/oak_fence_gate": {
    "criteria": {
      "has_planks": "2024-11-23 03:41:19 +0000"
    },
    "done": true
  },
  "exnihilosequentia:recipes/misc/ens_oak_barrel": {
    "criteria": {
      "has_walls": "2024-11-23 03:41:19 +0000"
    },
    "done": true
  },
  "minecraft:recipes/redstone/oak_door": {
    "criteria": {
      "has_planks": "2024-11-23 03:41:19 +0000"
    },
    "done": true
  },
  "minecraft:recipes/decorations/barrel": {
    "criteria": {
      "has_planks": "2024-11-23 03:41:19 +0000"
    },
    "done": true
  },
  "minecraft:recipes/redstone/oak_trapdoor": {
    "criteria": {
      "has_planks": "2024-11-23 03:41:19 +0000"
    },
    "done": true
  },
  "minecraft:recipes/building_blocks/oak_stairs": {
    "criteria": {
      "has_planks": "2024-11-23 03:41:19 +0000"
    },
    "done": true
  },
  "minecraft:recipes/decorations/oak_fence": {
    "criteria": {
      "has_planks": "2024-11-23 03:41:19 +0000"
    },
    "done": true
  },
  "minecraft:recipes/redstone/oak_button": {
    "criteria": {
      "has_planks": "2024-11-23 03:41:19 +0000"
    },
    "done": true
  },
  "minecraft:recipes/redstone/oak_pressure_plate": {
    "criteria": {
      "has_planks": "2024-11-23 03:41:19 +0000"
    },
    "done": true
  },
  "create:recipes/building_blocks/oak_window": {
    "criteria": {
      "has_ingredient": "2024-11-23 03:41:19 +0000"
    },
    "done": true
  },
  "create:recipes/misc/crafting/appliances/crafting_blueprint": {
    "criteria": {
      "has_item": "2024-11-23 03:41:22 +0000"
    },
    "done": true
  },
  "minecraft:recipes/decorations/chest": {
    "criteria": {
      "has_lots_of_items": "2024-11-23 03:41:22 +0000"
    },
    "done": true
  },
  "fantasyfurniture:recipes/misc/furniture_station": {
    "criteria": {
      "has_crafting_table": "2024-11-23 03:41:22 +0000"
    },
    "done": true
  },
  "minecraft:story/root": {
    "criteria": {
      "crafting_table": "2024-11-23 03:41:22 +0000"
    },
    "done": true
  },
  "farmersdelight:recipes/cooking/apple_cider": {
    "criteria": {
      "has_apple": "2024-11-23 03:42:46 +0000"
    },
    "done": true
  },
  "create:recipes/building_blocks/granite_from_stone_types_granite_stonecutting": {
    "criteria": {
      "has_stone_types_granite": "2024-11-23 03:44:26 +0000"
    },
    "done": true
  },
  "create:recipes/building_blocks/cut_granite_brick_slab_from_stone_types_granite_stonecutting": {
    "criteria": {
      "has_stone_types_granite": "2024-11-23 03:44:26 +0000"
    },
    "done": true
  },
  "minecraft:recipes/building_blocks/granite_slab_from_granite_stonecutting": {
    "criteria": {
      "has_granite": "2024-11-23 03:44:26 +0000"
    },
    "done": true
  },
  "create:recipes/building_blocks/cut_granite_slab_from_stone_types_granite_stonecutting": {
    "criteria": {
      "has_stone_types_granite": "2024-11-23 03:44:26 +0000"
    },
    "done": true
  },
  "minecraft:recipes/decorations/granite_wall_from_granite_stonecutting": {
    "criteria": {
      "has_granite": "2024-11-23 03:44:26 +0000"
    },
    "done": true
  },
  "create:recipes/building_blocks/small_granite_brick_stairs_from_stone_types_granite_stonecutting": {
    "criteria": {
      "has_stone_types_granite": "2024-11-23 03:44:26 +0000"
    },
    "done": true
  },
  "minecraft:recipes/building_blocks/polished_granite_from_granite_stonecutting": {
    "criteria": {
      "has_granite": "2024-11-23 03:44:26 +0000"
    },
    "done": true
  },
  "minecraft:recipes/building_blocks/granite_slab": {
    "criteria": {
      "has_granite": "2024-11-23 03:44:26 +0000"
    },
    "done": true
  },
  "create:recipes/building_blocks/cut_granite_from_stone_types_granite_stonecutting": {
    "criteria": {
      "has_stone_types_granite": "2024-11-23 03:44:26 +0000"
    },
    "done": true
  },
  "create:recipes/building_blocks/cut_granite_brick_stairs_from_stone_types_granite_stonecutting": {
    "criteria": {
      "has_stone_types_granite": "2024-11-23 03:44:26 +0000"
    },
    "done": true
  },
  "create:recipes/building_blocks/polished_cut_granite_from_stone_types_granite_stonecutting": {
    "criteria": {
      "has_stone_types_granite": "2024-11-23 03:44:26 +0000"
    },
    "done": true
  },
  "minecraft:recipes/building_blocks/granite_stairs": {
    "criteria": {
      "has_granite": "2024-11-23 03:44:26 +0000"
    },
    "done": true
  },
  "minecraft:recipes/building_blocks/granite_stairs_from_granite_stonecutting": {
    "criteria": {
      "has_granite": "2024-11-23 03:44:26 +0000"
    },
    "done": true
  },
  "minecraft:recipes/decorations/granite_wall": {
    "criteria": {
      "has_granite": "2024-11-23 03:44:26 +0000"
    },
    "done": true
  },
  "minecraft:recipes/building_blocks/polished_granite_slab_from_granite_stonecutting": {
    "criteria": {
      "has_granite": "2024-11-23 03:44:26 +0000"
    },
    "done": true
  },
  "create:recipes/building_blocks/granite_pillar_from_stone_types_granite_stonecutting": {
    "criteria": {
      "has_stone_types_granite": "2024-11-23 03:44:26 +0000"
    },
    "done": true
  },
  "create:recipes/building_blocks/polished_cut_granite_wall_from_stone_types_granite_stonecutting": {
    "criteria": {
      "has_stone_types_granite": "2024-11-23 03:44:26 +0000"
    },
    "done": true
  },
  "minecraft:recipes/building_blocks/polished_granite_stairs_from_granite_stonecutting": {
    "criteria": {
      "has_granite": "2024-11-23 03:44:26 +0000"
    },
    "done": true
  },
  "architects_palette:recipes/warping/onyx_from_granite_warping": {
    "criteria": {
      "has_granite": "2024-11-23 03:44:26 +0000"
    },
    "done": true
  },
  "create:recipes/building_blocks/cut_granite_brick_wall_from_stone_types_granite_stonecutting": {
    "criteria": {
      "has_stone_types_granite": "2024-11-23 03:44:26 +0000"
    },
    "done": true
  },
  "create:recipes/building_blocks/polished_cut_granite_stairs_from_stone_types_granite_stonecutting": {
    "criteria": {
      "has_stone_types_granite": "2024-11-23 03:44:26 +0000"
    },
    "done": true
  },
  "create:recipes/building_blocks/layered_granite_from_stone_types_granite_stonecutting": {
    "criteria": {
      "has_stone_types_granite": "2024-11-23 03:44:26 +0000"
    },
    "done": true
  },
  "exnihilosequentia:recipes/misc/ens_stone_barrel": {
    "criteria": {
      "has_walls": "2024-11-23 03:44:26 +0000"
    },
    "done": true
  },
  "create:recipes/building_blocks/small_granite_brick_wall_from_stone_types_granite_stonecutting": {
    "criteria": {
      "has_stone_types_granite": "2024-11-23 03:44:26 +0000"
    },
    "done": true
  },
  "create:recipes/building_blocks/polished_cut_granite_slab_from_stone_types_granite_stonecutting": {
    "criteria": {
      "has_stone_types_granite": "2024-11-23 03:44:26 +0000"
    },
    "done": true
  },
  "create:recipes/building_blocks/cut_granite_bricks_from_stone_types_granite_stonecutting": {
    "criteria": {
      "has_stone_types_granite": "2024-11-23 03:44:26 +0000"
    },
    "done": true
  },
  "create:recipes/building_blocks/cut_granite_wall_from_stone_types_granite_stonecutting": {
    "criteria": {
      "has_stone_types_granite": "2024-11-23 03:44:26 +0000"
    },
    "done": true
  },
  "create:recipes/building_blocks/small_granite_brick_slab_from_stone_types_granite_stonecutting": {
    "criteria": {
      "has_stone_types_granite": "2024-11-23 03:44:26 +0000"
    },
    "done": true
  },
  "create:recipes/building_blocks/cut_granite_stairs_from_stone_types_granite_stonecutting": {
    "criteria": {
      "has_stone_types_granite": "2024-11-23 03:44:26 +0000"
    },
    "done": true
  },
  "create:recipes/building_blocks/small_granite_bricks_from_stone_types_granite_stonecutting": {
    "criteria": {
      "has_stone_types_granite": "2024-11-23 03:44:26 +0000"
    },
    "done": true
  },
  "minecraft:recipes/building_blocks/polished_granite": {
    "criteria": {
      "has_granite": "2024-11-23 03:44:26 +0000"
    },
    "done": true
  },
  "create:recipes/building_blocks/polished_cut_andesite_stairs_from_stone_types_andesite_stonecutting": {
    "criteria": {
      "has_stone_types_andesite": "2024-11-23 03:45:13 +0000"
    },
    "done": true
  },
  "create:recipes/building_blocks/cut_andesite_slab_from_stone_types_andesite_stonecutting": {
    "criteria": {
      "has_stone_types_andesite": "2024-11-23 03:45:13 +0000"
    },
    "done": true
  },
  "create:recipes/building_blocks/small_andesite_brick_slab_from_stone_types_andesite_stonecutting": {
    "criteria": {
      "has_stone_types_andesite": "2024-11-23 03:45:13 +0000"
    },
    "done": true
  },
  "minecraft:recipes/building_blocks/andesite_stairs": {
    "criteria": {
      "has_andesite": "2024-11-23 03:45:13 +0000"
    },
    "done": true
  },
  "create:recipes/building_blocks/small_andesite_brick_stairs_from_stone_types_andesite_stonecutting": {
    "criteria": {
      "has_stone_types_andesite": "2024-11-23 03:45:13 +0000"
    },
    "done": true
  },
  "create:recipes/building_blocks/cut_andesite_bricks_from_stone_types_andesite_stonecutting": {
    "criteria": {
      "has_stone_types_andesite": "2024-11-23 03:45:13 +0000"
    },
    "done": true
  },
  "create:recipes/building_blocks/small_andesite_bricks_from_stone_types_andesite_stonecutting": {
    "criteria": {
      "has_stone_types_andesite": "2024-11-23 03:45:13 +0000"
    },
    "done": true
  },
  "minecraft:recipes/building_blocks/polished_andesite_from_andesite_stonecutting": {
    "criteria": {
      "has_andesite": "2024-11-23 03:45:13 +0000"
    },
    "done": true
  },
  "create:recipes/building_blocks/polished_cut_andesite_from_stone_types_andesite_stonecutting": {
    "criteria": {
      "has_stone_types_andesite": "2024-11-23 03:45:13 +0000"
    },
    "done": true
  },
  "create:recipes/building_blocks/cut_andesite_wall_from_stone_types_andesite_stonecutting": {
    "criteria": {
      "has_stone_types_andesite": "2024-11-23 03:45:13 +0000"
    },
    "done": true
  },
  "create:recipes/building_blocks/small_andesite_brick_wall_from_stone_types_andesite_stonecutting": {
    "criteria": {
      "has_stone_types_andesite": "2024-11-23 03:45:13 +0000"
    },
    "done": true
  },
  "minecraft:recipes/building_blocks/polished_andesite_stairs_from_andesite_stonecutting": {
    "criteria": {
      "has_andesite": "2024-11-23 03:45:13 +0000"
    },
    "done": true
  },
  "create:recipes/building_blocks/cut_andesite_brick_slab_from_stone_types_andesite_stonecutting": {
    "criteria": {
      "has_stone_types_andesite": "2024-11-23 03:45:13 +0000"
    },
    "done": true
  },
  "create:recipes/building_blocks/layered_andesite_from_stone_types_andesite_stonecutting": {
    "criteria": {
      "has_stone_types_andesite": "2024-11-23 03:45:13 +0000"
    },
    "done": true
  },
  "minecraft:recipes/decorations/andesite_wall_from_andesite_stonecutting": {
    "criteria": {
      "has_andesite": "2024-11-23 03:45:13 +0000"
    },
    "done": true
  },
  "create:recipes/building_blocks/andesite_from_stone_types_andesite_stonecutting": {
    "criteria": {
      "has_stone_types_andesite": "2024-11-23 03:45:13 +0000"
    },
    "done": true
  },
  "create:recipes/building_blocks/cut_andesite_from_stone_types_andesite_stonecutting": {
    "criteria": {
      "has_stone_types_andesite": "2024-11-23 03:45:13 +0000"
    },
    "done": true
  },
  "minecraft:recipes/building_blocks/polished_andesite_slab_from_andesite_stonecutting": {
    "criteria": {
      "has_andesite": "2024-11-23 03:45:13 +0000"
    },
    "done": true
  },
  "minecraft:recipes/building_blocks/andesite_slab_from_andesite_stonecutting": {
    "criteria": {
      "has_andesite": "2024-11-23 03:45:13 +0000"
    },
    "done": true
  },
  "create:recipes/building_blocks/polished_cut_andesite_slab_from_stone_types_andesite_stonecutting": {
    "criteria": {
      "has_stone_types_andesite": "2024-11-23 03:45:13 +0000"
    },
    "done": true
  },
  "minecraft:recipes/building_blocks/andesite_stairs_from_andesite_stonecutting": {
    "criteria": {
      "has_andesite": "2024-11-23 03:45:13 +0000"
    },
    "done": true
  },
  "create:recipes/building_blocks/cut_andesite_brick_wall_from_stone_types_andesite_stonecutting": {
    "criteria": {
      "has_stone_types_andesite": "2024-11-23 03:45:13 +0000"
    },
    "done": true
  },
  "create:recipes/building_blocks/andesite_pillar_from_stone_types_andesite_stonecutting": {
    "criteria": {
      "has_stone_types_andesite": "2024-11-23 03:45:13 +0000"
    },
    "done": true
  },
  "create:recipes/building_blocks/cut_andesite_stairs_from_stone_types_andesite_stonecutting": {
    "criteria": {
      "has_stone_types_andesite": "2024-11-23 03:45:13 +0000"
    },
    "done": true
  },
  "architects_palette:recipes/warping/esoterrack_from_andesite_warping": {
    "criteria": {
      "has_andesite": "2024-11-23 03:45:13 +0000"
    },
    "done": true
  },
  "create:recipes/building_blocks/polished_cut_andesite_wall_from_stone_types_andesite_stonecutting": {
    "criteria": {
      "has_stone_types_andesite": "2024-11-23 03:45:13 +0000"
    },
    "done": true
  },
  "create:recipes/building_blocks/cut_andesite_brick_stairs_from_stone_types_andesite_stonecutting": {
    "criteria": {
      "has_stone_types_andesite": "2024-11-23 03:45:13 +0000"
    },
    "done": true
  },
  "minecraft:recipes/building_blocks/polished_andesite": {
    "criteria": {
      "has_andesite": "2024-11-23 03:45:13 +0000"
    },
    "done": true
  },
  "minecraft:recipes/decorations/andesite_wall": {
    "criteria": {
      "has_andesite": "2024-11-23 03:45:13 +0000"
    },
    "done": true
  },
  "minecraft:recipes/building_blocks/andesite_slab": {
    "criteria": {
      "has_andesite": "2024-11-23 03:45:13 +0000"
    },
    "done": true
  },
  "minecraft:recipes/building_blocks/polished_diorite": {
    "criteria": {
      "has_diorite": "2024-11-23 03:45:22 +0000"
    },
    "done": true
  },
  "create:recipes/building_blocks/cut_diorite_slab_from_stone_types_diorite_stonecutting": {
    "criteria": {
      "has_stone_types_diorite": "2024-11-23 03:45:22 +0000"
    },
    "done": true
  },
  "create:recipes/building_blocks/cut_diorite_brick_slab_from_stone_types_diorite_stonecutting": {
    "criteria": {
      "has_stone_types_diorite": "2024-11-23 03:45:22 +0000"
    },
    "done": true
  },
  "create:recipes/building_blocks/small_diorite_brick_slab_from_stone_types_diorite_stonecutting": {
    "criteria": {
      "has_stone_types_diorite": "2024-11-23 03:45:22 +0000"
    },
    "done": true
  },
  "minecraft:recipes/building_blocks/polished_diorite_stairs_from_diorite_stonecutting": {
    "criteria": {
      "has_diorite": "2024-11-23 03:45:22 +0000"
    },
    "done": true
  },
  "minecraft:recipes/building_blocks/diorite_stairs_from_diorite_stonecutting": {
    "criteria": {
      "has_diorite": "2024-11-23 03:45:22 +0000"
    },
    "done": true
  },
  "minecraft:recipes/building_blocks/andesite": {
    "criteria": {
      "has_stone": "2024-11-23 03:45:22 +0000"
    },
    "done": true
  },
  "create:recipes/building_blocks/diorite_from_stone_types_diorite_stonecutting": {
    "criteria": {
      "has_stone_types_diorite": "2024-11-23 03:45:22 +0000"
    },
    "done": true
  },
  "create:recipes/building_blocks/cut_diorite_brick_wall_from_stone_types_diorite_stonecutting": {
    "criteria": {
      "has_stone_types_diorite": "2024-11-23 03:45:22 +0000"
    },
    "done": true
  },
  "architects_palette:recipes/warping/nebulite_from_diorite_warping": {
    "criteria": {
      "has_diorite": "2024-11-23 03:45:22 +0000"
    },
    "done": true
  },
  "create:recipes/building_blocks/cut_diorite_brick_stairs_from_stone_types_diorite_stonecutting": {
    "criteria": {
      "has_stone_types_diorite": "2024-11-23 03:45:22 +0000"
    },
    "done": true
  },
  "minecraft:recipes/building_blocks/polished_diorite_slab_from_diorite_stonecutting": {
    "criteria": {
      "has_diorite": "2024-11-23 03:45:22 +0000"
    },
    "done": true
  },
  "create:recipes/building_blocks/cut_diorite_from_stone_types_diorite_stonecutting": {
    "criteria": {
      "has_stone_types_diorite": "2024-11-23 03:45:22 +0000"
    },
    "done": true
  },
  "create:recipes/building_blocks/cut_diorite_stairs_from_stone_types_diorite_stonecutting": {
    "criteria": {
      "has_stone_types_diorite": "2024-11-23 03:45:22 +0000"
    },
    "done": true
  },
  "create:recipes/building_blocks/small_diorite_bricks_from_stone_types_diorite_stonecutting": {
    "criteria": {
      "has_stone_types_diorite": "2024-11-23 03:45:22 +0000"
    },
    "done": true
  },
  "create:recipes/building_blocks/layered_diorite_from_stone_types_diorite_stonecutting": {
    "criteria": {
      "has_stone_types_diorite": "2024-11-23 03:45:22 +0000"
    },
    "done": true
  },
  "create:recipes/building_blocks/cut_diorite_wall_from_stone_types_diorite_stonecutting": {
    "criteria": {
      "has_stone_types_diorite": "2024-11-23 03:45:22 +0000"
    },
    "done": true
  },
  "create:recipes/building_blocks/small_diorite_brick_wall_from_stone_types_diorite_stonecutting": {
    "criteria": {
      "has_stone_types_diorite": "2024-11-23 03:45:22 +0000"
    },
    "done": true
  },
  "minecraft:recipes/building_blocks/diorite_slab": {
    "criteria": {
      "has_diorite": "2024-11-23 03:45:22 +0000"
    },
    "done": true
  },
  "create:recipes/building_blocks/cut_diorite_bricks_from_stone_types_diorite_stonecutting": {
    "criteria": {
      "has_stone_types_diorite": "2024-11-23 03:45:22 +0000"
    },
    "done": true
  },
  "create:recipes/building_blocks/diorite_pillar_from_stone_types_diorite_stonecutting": {
    "criteria": {
      "has_stone_types_diorite": "2024-11-23 03:45:22 +0000"
    },
    "done": true
  },
  "minecraft:recipes/decorations/diorite_wall": {
    "criteria": {
      "has_diorite": "2024-11-23 03:45:22 +0000"
    },
    "done": true
  },
  "create:recipes/building_blocks/polished_cut_diorite_wall_from_stone_types_diorite_stonecutting": {
    "criteria": {
      "has_stone_types_diorite": "2024-11-23 03:45:22 +0000"
    },
    "done": true
  },
  "create:recipes/building_blocks/small_diorite_brick_stairs_from_stone_types_diorite_stonecutting": {
    "criteria": {
      "has_stone_types_diorite": "2024-11-23 03:45:22 +0000"
    },
    "done": true
  },
  "minecraft:recipes/decorations/diorite_wall_from_diorite_stonecutting": {
    "criteria": {
      "has_diorite": "2024-11-23 03:45:22 +0000"
    },
    "done": true
  },
  "create:recipes/building_blocks/polished_cut_diorite_stairs_from_stone_types_diorite_stonecutting": {
    "criteria": {
      "has_stone_types_diorite": "2024-11-23 03:45:22 +0000"
    },
    "done": true
  },
  "create:recipes/building_blocks/polished_cut_diorite_from_stone_types_diorite_stonecutting": {
    "criteria": {
      "has_stone_types_diorite": "2024-11-23 03:45:22 +0000"
    },
    "done": true
  },
  "create:recipes/building_blocks/polished_cut_diorite_slab_from_stone_types_diorite_stonecutting": {
    "criteria": {
      "has_stone_types_diorite": "2024-11-23 03:45:22 +0000"
    },
    "done": true
  },
  "minecraft:recipes/building_blocks/polished_diorite_from_diorite_stonecutting": {
    "criteria": {
      "has_diorite": "2024-11-23 03:45:22 +0000"
    },
    "done": true
  },
  "minecraft:recipes/building_blocks/diorite_slab_from_diorite_stonecutting": {
    "criteria": {
      "has_diorite": "2024-11-23 03:45:22 +0000"
    },
    "done": true
  },
  "minecraft:recipes/building_blocks/diorite_stairs": {
    "criteria": {
      "has_diorite": "2024-11-23 03:45:22 +0000"
    },
    "done": true
  },
  "exnihilosequentia:recipes/misc/ens_cooked_silkworm_from_smoker": {
    "criteria": {
      "has_silkworm": "2024-11-23 03:45:29 +0000"
    },
    "done": true
  },
  "minecraft:recipes/redstone/tripwire_hook": {
    "criteria": {
      "has_string": "2024-11-23 03:45:29 +0000"
    },
    "done": true
  },
  "minecraft:recipes/decorations/candle": {
    "criteria": {
      "has_string": "2024-11-23 03:45:29 +0000"
    },
    "done": true
  },
  "exnihilosequentia:recipes/misc/ens_cooked_silkworm_from_campfire": {
    "criteria": {
      "has_silkworm": "2024-11-23 03:45:29 +0000"
    },
    "done": true
  },
  "minecraft:recipes/combat/crossbow": {
    "criteria": {
      "has_string": "2024-11-23 03:45:29 +0000"
    },
    "done": true
  },
  "exnihilosequentia:recipes/misc/ens_cooked_silkworm_blast": {
    "criteria": {
      "has_silkworm": "2024-11-23 03:45:29 +0000"
    },
    "done": true
  },
  "exnihilosequentia:recipes/misc/ens_cooked_silkworm": {
    "criteria": {
      "has_silkworm": "2024-11-23 03:45:29 +0000"
    },
    "done": true
  },
  "minecraft:recipes/combat/bow": {
    "criteria": {
      "has_string": "2024-11-23 03:45:29 +0000"
    },
    "done": true
  },
  "minecraft:recipes/tools/fishing_rod": {
    "criteria": {
      "has_string": "2024-11-23 03:45:29 +0000"
    },
    "done": true
  },
  "minecraft:recipes/building_blocks/white_wool_from_string": {
    "criteria": {
      "has_string": "2024-11-23 03:45:29 +0000"
    },
    "done": true
  },
  "minecraft:recipes/decorations/loom": {
    "criteria": {
      "has_string": "2024-11-23 03:45:29 +0000"
    },
    "done": true
  },
  "create:recipes/building_blocks/crafting/kinetics/blue_seat": {
    "criteria": {
      "has_wool": "2024-11-23 03:45:38 +0000"
    },
    "done": true
  },
  "create:recipes/building_blocks/crafting/kinetics/magenta_seat": {
    "criteria": {
      "has_wool": "2024-11-23 03:45:38 +0000"
    },
    "done": true
  },
  "create:recipes/building_blocks/crafting/kinetics/light_blue_seat": {
    "criteria": {
      "has_wool": "2024-11-23 03:45:38 +0000"
    },
    "done": true
  },
  "create:recipes/building_blocks/crafting/kinetics/green_seat": {
    "criteria": {
      "has_wool": "2024-11-23 03:45:38 +0000"
    },
    "done": true
  },
  "create:recipes/building_blocks/crafting/kinetics/purple_seat": {
    "criteria": {
      "has_wool": "2024-11-23 03:45:38 +0000"
    },
    "done": true
  },
  "minecraft:recipes/decorations/white_bed": {
    "criteria": {
      "has_white_wool": "2024-11-23 03:45:38 +0000"
    },
    "done": true
  },
  "create:recipes/building_blocks/crafting/kinetics/brown_seat": {
    "criteria": {
      "has_wool": "2024-11-23 03:45:38 +0000"
    },
    "done": true
  },
  "create:recipes/building_blocks/crafting/kinetics/gray_seat": {
    "criteria": {
      "has_wool": "2024-11-23 03:45:38 +0000"
    },
    "done": true
  },
  "minecraft:recipes/decorations/painting": {
    "criteria": {
      "has_wool": "2024-11-23 03:45:38 +0000"
    },
    "done": true
  },
  "create:recipes/building_blocks/crafting/kinetics/red_seat": {
    "criteria": {
      "has_wool": "2024-11-23 03:45:38 +0000"
    },
    "done": true
  },
  "create:recipes/building_blocks/crafting/kinetics/light_gray_seat": {
    "criteria": {
      "has_wool": "2024-11-23 03:45:38 +0000"
    },
    "done": true
  },
  "create:recipes/building_blocks/crafting/kinetics/orange_seat": {
    "criteria": {
      "has_wool": "2024-11-23 03:45:38 +0000"
    },
    "done": true
  },
  "create:recipes/building_blocks/crafting/kinetics/cyan_seat": {
    "criteria": {
      "has_wool": "2024-11-23 03:45:38 +0000"
    },
    "done": true
  },
  "minecraft:recipes/decorations/white_carpet": {
    "criteria": {
      "has_white_wool": "2024-11-23 03:45:38 +0000"
    },
    "done": true
  },
  "create:recipes/building_blocks/crafting/kinetics/pink_seat": {
    "criteria": {
      "has_wool": "2024-11-23 03:45:38 +0000"
    },
    "done": true
  },
  "create:recipes/building_blocks/crafting/kinetics/black_seat": {
    "criteria": {
      "has_wool": "2024-11-23 03:45:38 +0000"
    },
    "done": true
  },
  "minecraft:recipes/decorations/white_banner": {
    "criteria": {
      "has_white_wool": "2024-11-23 03:45:38 +0000"
    },
    "done": true
  },
  "create:recipes/building_blocks/crafting/kinetics/white_seat": {
    "criteria": {
      "has_wool": "2024-11-23 03:45:38 +0000"
    },
    "done": true
  },
  "create:recipes/building_blocks/crafting/kinetics/lime_seat": {
    "criteria": {
      "has_wool": "2024-11-23 03:45:38 +0000"
    },
    "done": true
  },
  "create:recipes/building_blocks/crafting/kinetics/yellow_seat": {
    "criteria": {
      "has_wool": "2024-11-23 03:45:38 +0000"
    },
    "done": true
  },
  "minecraft:adventure/sleep_in_bed": {
    "criteria": {
      "slept_in_bed": "2024-11-23 03:46:13 +0000"
    },
    "done": true
  },
  "minecraft:recipes/building_blocks/red_concrete_powder": {
    "criteria": {
      "has_gravel": "2024-11-23 03:48:13 +0000"
    },
    "done": true
  },
  "minecraft:recipes/building_blocks/green_concrete_powder": {
    "criteria": {
      "has_gravel": "2024-11-23 03:48:13 +0000"
    },
    "done": true
  },
  "minecraft:recipes/building_blocks/blue_concrete_powder": {
    "criteria": {
      "has_gravel": "2024-11-23 03:48:13 +0000"
    },
    "done": true
  },
  "minecraft:recipes/building_blocks/lime_concrete_powder": {
    "criteria": {
      "has_gravel": "2024-11-23 03:48:13 +0000"
    },
    "done": true
  },
  "minecraft:recipes/building_blocks/orange_concrete_powder": {
    "criteria": {
      "has_gravel": "2024-11-23 03:48:13 +0000"
    },
    "done": true
  },
  "minecraft:recipes/building_blocks/magenta_concrete_powder": {
    "criteria": {
      "has_gravel": "2024-11-23 03:48:13 +0000"
    },
    "done": true
  },
  "minecraft:recipes/building_blocks/black_concrete_powder": {
    "criteria": {
      "has_gravel": "2024-11-23 03:48:13 +0000"
    },
    "done": true
  },
  "minecraft:recipes/building_blocks/purple_concrete_powder": {
    "criteria": {
      "has_gravel": "2024-11-23 03:48:13 +0000"
    },
    "done": true
  },
  "minecraft:recipes/building_blocks/cyan_concrete_powder": {
    "criteria": {
      "has_gravel": "2024-11-23 03:48:13 +0000"
    },
    "done": true
  },
  "minecraft:recipes/building_blocks/coarse_dirt": {
    "criteria": {
      "has_gravel": "2024-11-23 03:48:13 +0000"
    },
    "done": true
  },
  "minecraft:recipes/building_blocks/light_gray_concrete_powder": {
    "criteria": {
      "has_gravel": "2024-11-23 03:48:13 +0000"
    },
    "done": true
  },
  "minecraft:recipes/building_blocks/pink_concrete_powder": {
    "criteria": {
      "has_gravel": "2024-11-23 03:48:13 +0000"
    },
    "done": true
  },
  "minecraft:recipes/building_blocks/brown_concrete_powder": {
    "criteria": {
      "has_gravel": "2024-11-23 03:48:13 +0000"
    },
    "done": true
  },
  "minecraft:recipes/building_blocks/light_blue_concrete_powder": {
    "criteria": {
      "has_gravel": "2024-11-23 03:48:13 +0000"
    },
    "done": true
  },
  "minecraft:recipes/building_blocks/white_concrete_powder": {
    "criteria": {
      "has_gravel": "2024-11-23 03:48:13 +0000"
    },
    "done": true
  },
  "minecraft:recipes/building_blocks/yellow_concrete_powder": {
    "criteria": {
      "has_gravel": "2024-11-23 03:48:13 +0000"
    },
    "done": true
  },
  "minecraft:recipes/building_blocks/gray_concrete_powder": {
    "criteria": {
      "has_gravel": "2024-11-23 03:48:13 +0000"
    },
    "done": true
  },
  "nuclearcraft:recipes/misc/basic_storage_container": {
    "criteria": {
      "item": "2024-11-23 03:48:25 +0000"
    },
    "done": true
  },
  "trashcans:recipes/misc/item_trash_can": {
    "criteria": {
      "recipe_condition": "2024-11-23 03:48:25 +0000"
    },
    "done": true
  },
  "colossalchests:root": {
    "criteria": {
      "criteria_0": "2024-11-23 03:48:25 +0000"
    },
    "done": true
  },
  "minecraft:recipes/decorations/composter": {
    "criteria": {
      "has_wood_slab": "2024-11-23 03:50:09 +0000"
    },
    "done": true
  },
  "exmachinis:recipes/misc/flux_sieve": {
    "criteria": {
      "has_sieve": "2024-11-23 03:50:17 +0000"
    },
    "done": true
  },
  "exnihilosequentia:recipes/misc/ens_string_mesh": {
    "criteria": {
      "has_the_recipe": "2024-11-23 03:50:26 +0000"
    },
    "done": true
  },
  "exnihilosequentia:recipes/misc/ens_flint_mesh": {
    "criteria": {
      "has_mesh": "2024-11-23 03:50:27 +0000"
    },
    "done": true
  },
  "minecraft:recipes/transportation/cherry_boat": {
    "criteria": {
      "in_water": "2024-11-23 04:11:00 +0000"
    },
    "done": true
  },
  "minecraft:recipes/transportation/bamboo_raft": {
    "criteria": {
      "in_water": "2024-11-23 04:11:00 +0000"
    },
    "done": true
  },
  "minecraft:recipes/transportation/acacia_boat": {
    "criteria": {
      "in_water": "2024-11-23 04:11:00 +0000"
    },
    "done": true
  },
  "minecraft:recipes/transportation/jungle_boat": {
    "criteria": {
      "in_water": "2024-11-23 04:11:00 +0000"
    },
    "done": true
  },
  "minecraft:recipes/transportation/spruce_boat": {
    "criteria": {
      "in_water": "2024-11-23 04:11:00 +0000"
    },
    "done": true
  },
  "minecraft:recipes/transportation/birch_boat": {
    "criteria": {
      "in_water": "2024-11-23 04:11:00 +0000"
    },
    "done": true
  },
  "minecraft:recipes/transportation/oak_boat": {
    "criteria": {
      "in_water": "2024-11-23 04:11:00 +0000"
    },
    "done": true
  },
  "minecraft:recipes/transportation/mangrove_boat": {
    "criteria": {
      "in_water": "2024-11-23 04:11:00 +0000"
    },
    "done": true
  },
  "minecraft:recipes/transportation/dark_oak_boat": {
    "criteria": {
      "in_water": "2024-11-23 04:11:00 +0000"
    },
    "done": true
  },
  "minecraft:recipes/decorations/torch": {
    "criteria": {
      "has_stone_pickaxe": "2024-11-23 04:11:17 +0000"
    },
    "done": true
  },
  "minecraft:story/upgrade_tools": {
    "criteria": {
      "stone_pickaxe": "2024-11-23 04:11:17 +0000"
    },
    "done": true
  },
  "minecraft:recipes/building_blocks/glass": {
    "criteria": {
      "has_smelts_to_glass": "2024-11-23 04:13:01 +0000"
    },
    "done": true
  },
  "minecraft:recipes/building_blocks/sandstone": {
    "criteria": {
      "has_sand": "2024-11-23 04:13:01 +0000"
    },
    "done": true
  },
  "minecraft:recipes/redstone/redstone_torch": {
    "criteria": {
      "has_redstone": "2024-11-23 04:13:23 +0000"
    },
    "done": true
  },
  "create:recipes/misc/crafting/logistics/pulse_extender": {
    "criteria": {
      "has_item": "2024-11-23 04:13:23 +0000"
    },
    "done": true
  },
  "create:recipes/misc/crafting/logistics/pulse_repeater": {
    "criteria": {
      "has_item": "2024-11-23 04:13:23 +0000"
    },
    "done": true
  },
  "minecraft:recipes/redstone/target": {
    "criteria": {
      "has_redstone": "2024-11-23 04:13:23 +0000"
    },
    "done": true
  },
  "ae2:recipes/misc/network/cells/fluid_cell_housing": {
    "criteria": {
      "has_dusts/redstone": "2024-11-23 04:13:23 +0000"
    },
    "done": true
  },
  "minecraft:recipes/tools/compass": {
    "criteria": {
      "has_redstone": "2024-11-23 04:13:23 +0000"
    },
    "done": true
  },
  "ae2:recipes/misc/network/cables/smart_fluix": {
    "criteria": {
      "has_dusts/redstone": "2024-11-23 04:13:23 +0000"
    },
    "done": true
  },
  "ae2:recipes/misc/network/cells/item_cell_housing": {
    "criteria": {
      "has_dusts/redstone": "2024-11-23 04:13:23 +0000"
    },
    "done": true
  },
  "minecraft:recipes/redstone/redstone_block": {
    "criteria": {
      "has_redstone": "2024-11-23 04:13:23 +0000"
    },
    "done": true
  },
  "ae2:recipes/misc/network/cables/dense_smart_fluix": {
    "criteria": {
      "has_dusts/redstone": "2024-11-23 04:13:23 +0000"
    },
    "done": true
  },
  "modularrouters:recipes/misc/blank_module": {
    "criteria": {
      "has_redstone": "2024-11-23 04:13:23 +0000"
    },
    "done": true
  },
  "minecraft:recipes/tools/clock": {
    "criteria": {
      "has_redstone": "2024-11-23 04:13:23 +0000"
    },
    "done": true
  },
  "create:recipes/misc/crafting/logistics/powered_latch": {
    "criteria": {
      "has_item": "2024-11-23 04:13:23 +0000"
    },
    "done": true
  },
  "minecraft:recipes/redstone/note_block": {
    "criteria": {
      "has_redstone": "2024-11-23 04:13:23 +0000"
    },
    "done": true
  },
  "create:recipes/misc/crafting/logistics/powered_toggle_latch": {
    "criteria": {
      "has_item": "2024-11-23 04:13:23 +0000"
    },
    "done": true
  },
  "minecraft:recipes/redstone/dropper": {
    "criteria": {
      "has_redstone": "2024-11-23 04:13:23 +0000"
    },
    "done": true
  },
  "trashcans:recipes/misc/energy_trash_can": {
    "criteria": {
      "recipe_condition": "2024-11-23 04:13:23 +0000"
    },
    "done": true
  },
  "create:recipes/misc/crafting/materials/rose_quartz": {
    "criteria": {
      "has_item": "2024-11-23 04:13:23 +0000"
    },
    "done": true
  },
  "minecraft:recipes/redstone/piston": {
    "criteria": {
      "has_redstone": "2024-11-23 04:13:23 +0000"
    },
    "done": true
  },
  "exnihilosequentia:recipes/food/ens_end_cake": {
    "criteria": {
      "has_ender_pearl": "2024-11-23 04:14:18 +0000"
    },
    "done": true
  },
  "travelanchors:recipes/misc/travel_staff": {
    "criteria": {
      "criterion1": "2024-11-23 04:14:18 +0000"
    },
    "done": true
  },
  "buildinggadgets2:recipes/misc/gadget_destruction": {
    "criteria": {
      "has_ender_pearl": "2024-11-23 04:14:18 +0000"
    },
    "done": true
  },
  "travelanchors:recipes/misc/travel_anchor": {
    "criteria": {
      "criterion2": "2024-11-23 04:14:18 +0000"
    },
    "done": true
  },
  "itemcollectors:recipes/misc/basic_collector": {
    "criteria": {
      "recipe_condition": "2024-11-23 04:14:18 +0000"
    },
    "done": true
  },
  "minecraft:recipes/combat/spectral_arrow": {
    "criteria": {
      "has_glowstone_dust": "2024-11-23 04:14:26 +0000"
    },
    "done": true
  },
  "xycraft_world:recipes/building_blocks/shapeless/glass_viewer_glowing_dust": {
    "criteria": {
      "has_glowstone_dust": "2024-11-23 04:14:26 +0000"
    },
    "done": true
  },
  "minecraft:recipes/building_blocks/glowstone": {
    "criteria": {
      "has_glowstone_dust": "2024-11-23 04:14:26 +0000"
    },
    "done": true
  },
  "exmachinis:recipes/misc/diamond_upgrade": {
    "criteria": {
      "has_diamond": "2024-11-23 04:14:49 +0000"
    },
    "done": true
  },
  "minecraft:recipes/combat/diamond_sword": {
    "criteria": {
      "has_diamond": "2024-11-23 04:14:49 +0000"
    },
    "done": true
  },
  "minecraft:recipes/decorations/jukebox": {
    "criteria": {
      "has_diamond": "2024-11-23 04:14:49 +0000"
    },
    "done": true
  },
  "minecraft:recipes/combat/diamond_chestplate": {
    "criteria": {
      "has_diamond": "2024-11-23 04:14:49 +0000"
    },
    "done": true
  },
  "minecraft:recipes/tools/diamond_pickaxe": {
    "criteria": {
      "has_diamond": "2024-11-23 04:14:49 +0000"
    },
    "done": true
  },
  "minecraft:recipes/tools/diamond_hoe": {
    "criteria": {
      "has_diamond": "2024-11-23 04:14:49 +0000"
    },
    "done": true
  },
  "minecraft:recipes/tools/diamond_shovel": {
    "criteria": {
      "has_diamond": "2024-11-23 04:14:49 +0000"
    },
    "done": true
  },
  "minecraft:recipes/combat/diamond_helmet": {
    "criteria": {
      "has_diamond": "2024-11-23 04:14:49 +0000"
    },
    "done": true
  },
  "minecraft:recipes/building_blocks/diamond_block": {
    "criteria": {
      "has_diamond": "2024-11-23 04:14:49 +0000"
    },
    "done": true
  },
  "minecraft:story/mine_diamond": {
    "criteria": {
      "diamond": "2024-11-23 04:14:49 +0000"
    },
    "done": true
  },
  "exnihilosequentia:recipes/misc/ens_doll_x4": {
    "criteria": {
      "has_diamond": "2024-11-23 04:14:49 +0000"
    },
    "done": true
  },
  "farmersdelight:recipes/combat/diamond_knife": {
    "criteria": {
      "has_diamond": "2024-11-23 04:14:49 +0000"
    },
    "done": true
  },
  "minecraft:recipes/combat/diamond_leggings": {
    "criteria": {
      "has_diamond": "2024-11-23 04:14:49 +0000"
    },
    "done": true
  },
  "ae2additions:recipes/misc/blocks/wireless_transceiver": {
    "criteria": {
      "has_diamond": "2024-11-23 04:14:49 +0000"
    },
    "done": true
  },
  "minecraft:recipes/combat/diamond_boots": {
    "criteria": {
      "has_diamond": "2024-11-23 04:14:49 +0000"
    },
    "done": true
  },
  "exnihilosequentia:recipes/tools/ens_diamond_crook": {
    "criteria": {
      "has_pebble": "2024-11-23 04:14:49 +0000"
    },
    "done": true
  },
  "buildinggadgets2:recipes/misc/gadget_building": {
    "criteria": {
      "has_diamond": "2024-11-23 04:14:49 +0000"
    },
    "done": true
  },
  "buildinggadgets2:recipes/misc/gadget_exchanging": {
    "criteria": {
      "has_diamond": "2024-11-23 04:14:49 +0000"
    },
    "done": true
  },
  "minecraft:recipes/tools/diamond_axe": {
    "criteria": {
      "has_diamond": "2024-11-23 04:14:49 +0000"
    },
    "done": true
  },
  "ae2additions:recipes/misc/super_cell_housing": {
    "criteria": {
      "has_item": "2024-11-23 04:14:49 +0000"
    },
    "done": true
  },
  "minecraft:recipes/building_blocks/lapis_block": {
    "criteria": {
      "has_lapis_lazuli": "2024-11-23 04:14:51 +0000"
    },
    "done": true
  },
  "minecraft:recipes/tools/spyglass": {
    "criteria": {
      "has_amethyst_shard": "2024-11-23 04:14:51 +0000"
    },
    "done": true
  },
  "minecraft:recipes/redstone/calibrated_sculk_sensor": {
    "criteria": {
      "has_amethyst_shard": "2024-11-23 04:14:51 +0000"
    },
    "done": true
  },
  "minecraft:recipes/building_blocks/tinted_glass": {
    "criteria": {
      "has_amethyst_shard": "2024-11-23 04:14:51 +0000"
    },
    "done": true
  },
  "modularrouters:recipes/misc/blank_upgrade": {
    "criteria": {
      "has_lapis_lazuli": "2024-11-23 04:14:51 +0000"
    },
    "done": true
  },
  "minecraft:recipes/misc/blue_dye": {
    "criteria": {
      "has_lapis_lazuli": "2024-11-23 04:14:51 +0000"
    },
    "done": true
  },
  "sgjourney:recipes/misc/sandstone_with_lapis": {
    "criteria": {
      "has_lapis": "2024-11-23 04:14:51 +0000"
    },
    "done": true
  },
  "architects_palette:recipes/misc/oracle_jelly": {
    "criteria": {
      "has_amethyst_shard": "2024-11-23 04:14:51 +0000"
    },
    "done": true
  },
  "minecraft:recipes/building_blocks/amethyst_block": {
    "criteria": {
      "has_amethyst_shard": "2024-11-23 04:14:51 +0000"
    },
    "done": true
  },
  "ae2:recipes/misc/decorative/light_detector": {
    "criteria": {
      "has_nether_quartz": "2024-11-23 04:14:53 +0000"
    },
    "done": true
  },
  "minecraft:recipes/building_blocks/diorite": {
    "criteria": {
      "has_quartz": "2024-11-23 04:14:53 +0000"
    },
    "done": true
  },
  "minecraft:recipes/building_blocks/granite": {
    "criteria": {
      "has_quartz": "2024-11-23 04:14:53 +0000"
    },
    "done": true
  },
  "minecraft:recipes/building_blocks/quartz_block": {
    "criteria": {
      "has_quartz": "2024-11-23 04:14:53 +0000"
    },
    "done": true
  },
  "minecraft:recipes/redstone/comparator": {
    "criteria": {
      "has_quartz": "2024-11-23 04:14:53 +0000"
    },
    "done": true
  },
  "ae2:recipes/misc/tools/nether_quartz_pickaxe": {
    "criteria": {
      "has_nether_quartz": "2024-11-23 04:14:53 +0000"
    },
    "done": true
  },
  "ae2:recipes/misc/tools/nether_quartz_hoe": {
    "criteria": {
      "has_nether_quartz": "2024-11-23 04:14:53 +0000"
    },
    "done": true
  },
  "ae2:recipes/misc/tools/nether_quartz_sword": {
    "criteria": {
      "has_nether_quartz": "2024-11-23 04:14:53 +0000"
    },
    "done": true
  },
  "ae2:recipes/misc/tools/nether_quartz_cutting_knife": {
    "criteria": {
      "has_nether_quartz": "2024-11-23 04:14:53 +0000"
    },
    "done": true
  },
  "ae2:recipes/misc/tools/nether_quartz_spade": {
    "criteria": {
      "has_nether_quartz": "2024-11-23 04:14:53 +0000"
    },
    "done": true
  },
  "ae2:recipes/misc/tools/nether_quartz_wrench": {
    "criteria": {
      "has_nether_quartz": "2024-11-23 04:14:53 +0000"
    },
    "done": true
  },
  "ae2:recipes/misc/tools/nether_quartz_axe": {
    "criteria": {
      "has_nether_quartz": "2024-11-23 04:14:53 +0000"
    },
    "done": true
  },
  "minecraft:recipes/redstone/daylight_detector": {
    "criteria": {
      "has_quartz": "2024-11-23 04:14:53 +0000"
    },
    "done": true
  },
  "minecraft:recipes/redstone/observer": {
    "criteria": {
      "has_quartz": "2024-11-23 04:14:53 +0000"
    },
    "done": true
  },
  "exnihilosequentia:recipes/misc/ens_doll_x6": {
    "criteria": {
      "has_emerald": "2024-11-23 04:15:01 +0000"
    },
    "done": true
  },
  "minecraft:recipes/building_blocks/emerald_block": {
    "criteria": {
      "has_emerald": "2024-11-23 04:15:01 +0000"
    },
    "done": true
  },
  "buildinggadgets2:recipes/misc/gadget_copy_paste": {
    "criteria": {
      "has_emerald": "2024-11-23 04:15:01 +0000"
    },
    "done": true
  },
  "minecraft:husbandry/root": {
    "criteria": {
      "consumed_item": "2024-11-23 21:59:17 +0000"
    },
    "done": true
  },
  "minecraft:husbandry/balanced_diet": {
    "criteria": {
      "apple": "2024-11-23 21:59:17 +0000"
    },
    "done": false
  },
  "minecraft:recipes/building_blocks/stone_bricks": {
    "criteria": {
      "has_stone": "2024-11-23 22:06:52 +0000"
    },
    "done": true
  },
  "minecraft:recipes/building_blocks/stone_bricks_from_stone_stonecutting": {
    "criteria": {
      "has_stone": "2024-11-23 22:06:52 +0000"
    },
    "done": true
  },
  "minecraft:recipes/building_blocks/stone_slab": {
    "criteria": {
      "has_stone": "2024-11-23 22:06:52 +0000"
    },
    "done": true
  },
  "minecraft:recipes/building_blocks/stone_stairs_from_stone_stonecutting": {
    "criteria": {
      "has_stone": "2024-11-23 22:06:52 +0000"
    },
    "done": true
  },
  "minecraft:recipes/redstone/stone_button": {
    "criteria": {
      "has_stone": "2024-11-23 22:06:52 +0000"
    },
    "done": true
  },
  "minecraft:recipes/redstone/stone_pressure_plate": {
    "criteria": {
      "has_stone": "2024-11-23 22:06:52 +0000"
    },
    "done": true
  },
  "architects_palette:recipes/warping/moonshale_from_stone_warping": {
    "criteria": {
      "has_stone": "2024-11-23 22:06:52 +0000"
    },
    "done": true
  },
  "minecraft:recipes/building_blocks/stone_stairs": {
    "criteria": {
      "has_stone": "2024-11-23 22:06:52 +0000"
    },
    "done": true
  },
  "minecraft:recipes/decorations/stonecutter": {
    "criteria": {
      "has_stone": "2024-11-23 22:06:52 +0000"
    },
    "done": true
  },
  "minecraft:recipes/building_blocks/smooth_stone": {
    "criteria": {
      "has_stone": "2024-11-23 22:06:52 +0000"
    },
    "done": true
  },
  "minecraft:recipes/decorations/stone_brick_walls_from_stone_stonecutting": {
    "criteria": {
      "has_stone": "2024-11-23 22:06:52 +0000"
    },
    "done": true
  },
  "minecraft:recipes/building_blocks/stone_brick_slab_from_stone_stonecutting": {
    "criteria": {
      "has_stone": "2024-11-23 22:06:52 +0000"
    },
    "done": true
  },
  "minecraft:recipes/building_blocks/stone_brick_stairs_from_stone_stonecutting": {
    "criteria": {
      "has_stone": "2024-11-23 22:06:52 +0000"
    },
    "done": true
  },
  "minecraft:recipes/building_blocks/stone_slab_from_stone_stonecutting": {
    "criteria": {
      "has_stone": "2024-11-23 22:06:52 +0000"
    },
    "done": true
  },
  "minecraft:recipes/building_blocks/chiseled_stone_bricks_stone_from_stonecutting": {
    "criteria": {
      "has_stone": "2024-11-23 22:06:52 +0000"
    },
    "done": true
  },
  "sgjourney:recipes/misc/fire_pit": {
    "criteria": {
      "has_coal": "2024-11-23 22:09:55 +0000"
    },
    "done": true
  },
  "minecraft:recipes/decorations/smoker": {
    "criteria": {
      "has_furnace": "2024-11-23 22:10:08 +0000"
    },
    "done": true
  },
  "minecraft:recipes/combat/iron_helmet": {
    "criteria": {
      "has_iron_ingot": "2024-11-23 22:13:31 +0000"
    },
    "done": true
  },
  "minecraft:recipes/tools/shears": {
    "criteria": {
      "has_iron_ingot": "2024-11-23 22:13:31 +0000"
    },
    "done": true
  },
  "minecraft:recipes/building_blocks/iron_block": {
    "criteria": {
      "has_iron_ingot": "2024-11-23 22:13:31 +0000"
    },
    "done": true
  },
  "farmersdelight:recipes/decorations/cooking_pot": {
    "criteria": {
      "has_iron_ingot": "2024-11-23 22:13:31 +0000"
    },
    "done": true
  },
  "create:recipes/misc/crafting/materials/andesite_alloy": {
    "criteria": {
      "has_item": "2024-11-23 22:13:31 +0000"
    },
    "done": true
  },
  "architects_palette:recipes/building_blocks/stonecutting/sheet_metal_block": {
    "criteria": {
      "has_iron_ingot": "2024-11-23 22:13:31 +0000"
    },
    "done": true
  },
  "minecraft:recipes/redstone/hopper": {
    "criteria": {
      "has_iron_ingot": "2024-11-23 22:13:31 +0000"
    },
    "done": true
  },
  "minecraft:recipes/combat/iron_boots": {
    "criteria": {
      "has_iron_ingot": "2024-11-23 22:13:31 +0000"
    },
    "done": true
  },
  "minecraft:recipes/decorations/lantern": {
    "criteria": {
      "has_iron_ingot": "2024-11-23 22:13:31 +0000"
    },
    "done": true
  },
  "minecraft:recipes/tools/iron_shovel": {
    "criteria": {
      "has_iron_ingot": "2024-11-23 22:13:31 +0000"
    },
    "done": true
  },
  "minecraft:recipes/redstone/iron_trapdoor": {
    "criteria": {
      "has_iron_ingot": "2024-11-23 22:13:31 +0000"
    },
    "done": true
  },
  "xycraft_world:recipes/building_blocks/shaped/glass_viewer_reinforced": {
    "criteria": {
      "has_iron_ingot": "2024-11-23 22:13:31 +0000"
    },
    "done": true
  },
  "farmersdelight:recipes/combat/iron_knife": {
    "criteria": {
      "has_iron_ingot": "2024-11-23 22:13:31 +0000"
    },
    "done": true
  },
  "modularrouters:recipes/misc/modular_router": {
    "criteria": {
      "has_iron_ingot": "2024-11-23 22:13:31 +0000"
    },
    "done": true
  },
  "minecraft:recipes/redstone/heavy_weighted_pressure_plate": {
    "criteria": {
      "has_iron_ingot": "2024-11-23 22:13:31 +0000"
    },
    "done": true
  },
  "minecraft:recipes/combat/iron_leggings": {
    "criteria": {
      "has_iron_ingot": "2024-11-23 22:13:31 +0000"
    },
    "done": true
  },
  "minecraft:recipes/combat/iron_chestplate": {
    "criteria": {
      "has_iron_ingot": "2024-11-23 22:13:31 +0000"
    },
    "done": true
  },
  "minecraft:recipes/misc/iron_nugget": {
    "criteria": {
      "has_iron_ingot": "2024-11-23 22:13:31 +0000"
    },
    "done": true
  },
  "minecraft:recipes/misc/bucket": {
    "criteria": {
      "has_iron_ingot": "2024-11-23 22:13:31 +0000"
    },
    "done": true
  },
  "minecraft:recipes/transportation/minecart": {
    "criteria": {
      "has_iron_ingot": "2024-11-23 22:13:31 +0000"
    },
    "done": true
  },
  "minecraft:recipes/tools/iron_hoe": {
    "criteria": {
      "has_iron_ingot": "2024-11-23 22:13:31 +0000"
    },
    "done": true
  },
  "exmachinis:root": {
    "criteria": {
      "item": "2024-11-23 22:13:31 +0000"
    },
    "done": true
  },
  "minecraft:story/smelt_iron": {
    "criteria": {
      "iron": "2024-11-23 22:13:31 +0000"
    },
    "done": true
  },
  "minecraft:recipes/decorations/chain": {
    "criteria": {
      "has_iron_ingot": "2024-11-23 22:13:31 +0000"
    },
    "done": true
  },
  "minecraft:recipes/decorations/smithing_table": {
    "criteria": {
      "has_iron_ingot": "2024-11-23 22:13:31 +0000"
    },
    "done": true
  },
  "create:recipes/misc/crafting/kinetics/empty_blaze_burner": {
    "criteria": {
      "has_item": "2024-11-23 22:13:31 +0000"
    },
    "done": true
  },
  "minecraft:recipes/combat/iron_sword": {
    "criteria": {
      "has_iron_ingot": "2024-11-23 22:13:31 +0000"
    },
    "done": true
  },
  "minecraft:recipes/tools/iron_pickaxe": {
    "criteria": {
      "has_iron_ingot": "2024-11-23 22:13:31 +0000"
    },
    "done": true
  },
  "minecraft:recipes/combat/shield": {
    "criteria": {
      "has_iron_ingot": "2024-11-23 22:13:31 +0000"
    },
    "done": true
  },
  "minecraft:recipes/decorations/iron_bars": {
    "criteria": {
      "has_iron_ingot": "2024-11-23 22:13:31 +0000"
    },
    "done": true
  },
  "architects_palette:recipes/building_blocks/sheet_metal_block": {
    "criteria": {
      "has_iron_ingot": "2024-11-23 22:13:31 +0000"
    },
    "done": true
  },
  "minecraft:recipes/tools/iron_axe": {
    "criteria": {
      "has_iron_ingot": "2024-11-23 22:13:31 +0000"
    },
    "done": true
  },
  "xycraft_world:recipes/building_blocks/shaped/glass_viewer_reinforced_r": {
    "criteria": {
      "has_aluminum_ingot": "2024-11-23 22:13:31 +0000"
    },
    "done": true
  },
  "rechiseled:recipes/misc/chisel": {
    "criteria": {
      "recipe_condition": "2024-11-23 22:13:31 +0000"
    },
    "done": true
  },
  "create:recipes/building_blocks/industrial_iron_block_from_ingots_iron_stonecutting": {
    "criteria": {
      "has_ingots_iron": "2024-11-23 22:13:31 +0000"
    },
    "done": true
  },
  "minecraft:recipes/redstone/iron_door": {
    "criteria": {
      "has_iron_ingot": "2024-11-23 22:13:31 +0000"
    },
    "done": true
  },
  "minecraft:recipes/decorations/fletching_table": {
    "criteria": {
      "has_flint": "2024-11-23 22:21:52 +0000"
    },
    "done": true
  },
  "nuclearcraft:recipes/misc/manufactory": {
    "criteria": {
      "item": "2024-11-23 22:21:52 +0000"
    },
    "done": true
  },
  "minecraft:recipes/combat/arrow": {
    "criteria": {
      "has_flint": "2024-11-23 22:21:52 +0000"
    },
    "done": true
  },
  "minecraft:recipes/tools/flint_and_steel": {
    "criteria": {
      "has_flint": "2024-11-23 22:21:52 +0000"
    },
    "done": true
  },
  "railways:recipes/misc/crafting/smokestack_woodburner": {
    "criteria": {
      "has_item": "2024-11-23 22:23:31 +0000"
    },
    "done": true
  },
  "railways:recipes/misc/crafting/smokestack_coalburner": {
    "criteria": {
      "has_item": "2024-11-23 22:23:31 +0000"
    },
    "done": true
  },
  "railways:recipes/misc/crafting/smokestack_oilburner": {
    "criteria": {
      "has_item": "2024-11-23 22:23:31 +0000"
    },
    "done": true
  },
  "railways:recipes/misc/crafting/smokestack_long": {
    "criteria": {
      "has_item": "2024-11-23 22:23:31 +0000"
    },
    "done": true
  },
  "railways:recipes/misc/crafting/smokestack_streamlined": {
    "criteria": {
      "has_item": "2024-11-23 22:23:31 +0000"
    },
    "done": true
  },
  "railways:recipes/misc/crafting/smokestack_caboosestyle": {
    "criteria": {
      "has_item": "2024-11-23 22:23:31 +0000"
    },
    "done": true
  },
  "farmersdelight:recipes/decorations/stove": {
    "criteria": {
      "has_campfire": "2024-11-23 22:23:31 +0000"
    },
    "done": true
  },
  "railways:recipes/misc/crafting/smokestack_diesel": {
    "criteria": {
      "has_item": "2024-11-23 22:23:31 +0000"
    },
    "done": true
  },
  "farmersdelight:main/place_campfire": {
    "criteria": {
      "campfire": "2024-11-23 22:23:34 +0000"
    },
    "done": true
  },
  "minecraft:recipes/building_blocks/light_blue_stained_glass": {
    "criteria": {
      "has_glass": "2024-11-23 22:23:44 +0000"
    },
    "done": true
  },
  "minecraft:recipes/building_blocks/orange_stained_glass": {
    "criteria": {
      "has_glass": "2024-11-23 22:23:44 +0000"
    },
    "done": true
  },
  "minecraft:recipes/building_blocks/pink_stained_glass": {
    "criteria": {
      "has_glass": "2024-11-23 22:23:44 +0000"
    },
    "done": true
  },
  "minecraft:recipes/building_blocks/black_stained_glass": {
    "criteria": {
      "has_glass": "2024-11-23 22:23:44 +0000"
    },
    "done": true
  },
  "minecraft:recipes/building_blocks/gray_stained_glass": {
    "criteria": {
      "has_glass": "2024-11-23 22:23:44 +0000"
    },
    "done": true
  },
  "xycraft_world:recipes/building_blocks/stonecutting/glass_viewer_dire": {
    "criteria": {
      "has_for_glass_viewer_dire": "2024-11-23 22:23:44 +0000"
    },
    "done": true
  },
  "create:recipes/building_blocks/horizontal_framed_glass_from_glass_colorless_stonecutting": {
    "criteria": {
      "has_glass_colorless": "2024-11-23 22:23:44 +0000"
    },
    "done": true
  },
  "xycraft_world:recipes/building_blocks/stonecutting/glass": {
    "criteria": {
      "has_for_glass": "2024-11-23 22:23:44 +0000"
    },
    "done": true
  },
  "minecraft:recipes/building_blocks/red_stained_glass": {
    "criteria": {
      "has_glass": "2024-11-23 22:23:44 +0000"
    },
    "done": true
  },
  "minecraft:recipes/building_blocks/light_gray_stained_glass": {
    "criteria": {
      "has_glass": "2024-11-23 22:23:44 +0000"
    },
    "done": true
  },
  "create:recipes/building_blocks/framed_glass_from_glass_colorless_stonecutting": {
    "criteria": {
      "has_glass_colorless": "2024-11-23 22:23:44 +0000"
    },
    "done": true
  },
  "minecraft:recipes/building_blocks/cyan_stained_glass": {
    "criteria": {
      "has_glass": "2024-11-23 22:23:44 +0000"
    },
    "done": true
  },
  "xycraft_world:recipes/building_blocks/stonecutting/glass_viewer_silicon": {
    "criteria": {
      "has_for_glass_viewer_silicon": "2024-11-23 22:23:44 +0000"
    },
    "done": true
  },
  "xycraft_world:recipes/building_blocks/stonecutting/glass_viewer": {
    "criteria": {
      "has_for_glass_viewer": "2024-11-23 22:23:44 +0000"
    },
    "done": true
  },
  "create:recipes/building_blocks/vertical_framed_glass_from_glass_colorless_stonecutting": {
    "criteria": {
      "has_glass_colorless": "2024-11-23 22:23:44 +0000"
    },
    "done": true
  },
  "minecraft:recipes/building_blocks/green_stained_glass": {
    "criteria": {
      "has_glass": "2024-11-23 22:23:44 +0000"
    },
    "done": true
  },
  "minecraft:recipes/building_blocks/brown_stained_glass": {
    "criteria": {
      "has_glass": "2024-11-23 22:23:44 +0000"
    },
    "done": true
  },
  "minecraft:recipes/building_blocks/blue_stained_glass": {
    "criteria": {
      "has_glass": "2024-11-23 22:23:44 +0000"
    },
    "done": true
  },
  "minecraft:recipes/building_blocks/lime_stained_glass": {
    "criteria": {
      "has_glass": "2024-11-23 22:23:44 +0000"
    },
    "done": true
  },
  "minecraft:recipes/decorations/glass_pane": {
    "criteria": {
      "has_glass": "2024-11-23 22:23:44 +0000"
    },
    "done": true
  },
  "minecraft:recipes/building_blocks/magenta_stained_glass": {
    "criteria": {
      "has_glass": "2024-11-23 22:23:44 +0000"
    },
    "done": true
  },
  "minecraft:recipes/building_blocks/white_stained_glass": {
    "criteria": {
      "has_glass": "2024-11-23 22:23:44 +0000"
    },
    "done": true
  },
  "minecraft:recipes/brewing/glass_bottle": {
    "criteria": {
      "has_glass": "2024-11-23 22:23:44 +0000"
    },
    "done": true
  },
  "minecraft:recipes/building_blocks/purple_stained_glass": {
    "criteria": {
      "has_glass": "2024-11-23 22:23:44 +0000"
    },
    "done": true
  },
  "minecraft:recipes/building_blocks/yellow_stained_glass": {
    "criteria": {
      "has_glass": "2024-11-23 22:23:44 +0000"
    },
    "done": true
  },
  "create:recipes/building_blocks/tiled_glass_from_glass_colorless_stonecutting": {
    "criteria": {
      "has_glass_colorless": "2024-11-23 22:23:44 +0000"
    },
    "done": true
  },
  "minecraft:recipes/redstone/redstone_lamp": {
    "criteria": {
      "has_glowstone": "2024-11-23 22:24:36 +0000"
    },
    "done": true
  },
  "minecraft:recipes/redstone/repeater": {
    "criteria": {
      "has_redstone_torch": "2024-11-23 22:24:55 +0000"
    },
    "done": true
  },
  "colossalchests:base/wood": {
    "criteria": {
      "criteria_0": "2024-11-23 22:50:58 +0000"
    },
    "done": true
  },
  "minecraft:recipes/building_blocks/packed_mud": {
    "criteria": {
      "has_mud": "2024-11-23 23:01:39 +0000"
    },
    "done": true
  },
  "exnihilosequentia:recipes/tools/ens_deepslate_crook": {
    "criteria": {
      "has_pebble": "2024-11-23 23:04:53 +0000"
    },
    "done": true
  },
  "minecraft:recipes/building_blocks/ens_deepslate": {
    "criteria": {
      "has_pebble": "2024-11-23 23:04:53 +0000"
    },
    "done": true
  },
  "minecraft:recipes/building_blocks/ens_blackstone": {
    "criteria": {
      "has_pebble": "2024-11-23 23:04:53 +0000"
    },
    "done": true
  },
  "exnihilosequentia:recipes/tools/ens_blackstone_crook": {
    "criteria": {
      "has_pebble": "2024-11-23 23:04:53 +0000"
    },
    "done": true
  },
  "minecraft:recipes/misc/green_dye": {
    "criteria": {
      "has_cactus": "2024-11-23 23:04:53 +0000"
    },
    "done": true
  },
  "exnihilosequentia:recipes/tools/ens_dripstone_crook": {
    "criteria": {
      "has_pebble": "2024-11-23 23:04:54 +0000"
    },
    "done": true
  },
  "minecraft:recipes/building_blocks/ens_calcite": {
    "criteria": {
      "has_pebble": "2024-11-23 23:04:54 +0000"
    },
    "done": true
  },
  "minecraft:recipes/building_blocks/ens_dripstone_block": {
    "criteria": {
      "has_pebble": "2024-11-23 23:04:54 +0000"
    },
    "done": true
  },
  "exnihilosequentia:recipes/tools/ens_calcite_crook": {
    "criteria": {
      "has_pebble": "2024-11-23 23:04:54 +0000"
    },
    "done": true
  },
  "minecraft:recipes/brewing/fermented_spider_eye": {
    "criteria": {
      "has_spider_eye": "2024-11-23 23:05:49 +0000"
    },
    "done": true
  },
  "DataVersion": 3465
}