{"stats":{"minecraft:custom":{"minecraft:mob_kills":3,"minecraft:interact_with_crafting_table":118,"minecraft:interact_with_campfire":35,"minecraft:leave_game":6,"minecraft:time_since_death":186353,"minecraft:sprint_one_cm":475524,"minecraft:walk_one_cm":1103692,"minecraft:drop":79,"minecraft:play_time":733171,"minecraft:deaths":8,"minecraft:sneak_time":39970,"minecraft:walk_under_water_one_cm":122978,"minecraft:jump":1151,"minecraft:total_world_time":733171,"minecraft:walk_on_water_one_cm":25294,"minecraft:interact_with_furnace":106,"minecraft:sleep_in_bed":11,"minecraft:time_since_rest":186376,"minecraft:damage_taken":2654,"minecraft:damage_dealt":712,"minecraft:swim_one_cm":86270,"minecraft:fly_one_cm":155701,"minecraft:open_chest":239,"minecraft:crouch_one_cm":118659,"minecraft:fall_one_cm":16331},"minecraft:killed":{"minecraft:spider":1,"minecraft:husk":1},"minecraft:mined":{"minecraft:polished_granite_slab":30,"createlowheated:basic_burner":3,"thermal:device_water_gen":1,"minecraft:white_bed":1,"gtceu:coke_oven_bricks":1,"minecraft:farmland":40,"gravestone:gravestone":7,"minecraft:granite":1,"exnihilosequentia:oak_sieve":3,"minecraft:grass_block":1,"create:large_cogwheel":1,"create:depot":4,"exnihilosequentia:crushed_diorite":11,"minecraft:diorite_slab":6,"minecraft:granite_slab":3,"minecraft:stone":3,"create:cogwheel":2,"minecraft:blackstone":37,"minecraft:clay":128,"minecraft:polished_diorite_slab":4,"minecraft:cobblestone":643,"minecraft:diorite":3,"create:basin":3,"minecraft:coarse_dirt":1,"create:mechanical_mixer":3,"minecraft:mycelium":1,"minecraft:oak_log":20,"minecraft:sand":198,"minecraft:gravel":518,"minecraft:dirt":73,"minecraft:oak_leaves":65,"gtceu:coke_oven":1,"exnihilosequentia:infested_leaves":43},"minecraft:picked_up":{"minecraft:charcoal":1,"minecraft:mud":2,"minecraft:cocoa_beans":2,"minecraft:coarse_dirt":1,"minecraft:crafting_table":3,"gtceu:wrought_iron_ingot":68,"gtceu:tin_ingot":1,"minecraft:clay_ball":512,"gtceu:tiny_sulfur_dust":63,"minecraft:diorite_slab":441,"exnihilosequentia:calcite_pebble":18,"exnihilosequentia:andesite_pebble":3872,"gtceu:tiny_flint_dust":6,"gtceu:crushed_sphalerite_ore":67,"minecraft:string":1222,"exnihilosequentia:crushed_andesite":13,"exnihilosequentia:dust":198,"minecraft:bucket":1,"exnihilosequentia:oak_sieve":2,"create:basin":3,"minecraft:jungle_sapling":1,"minecraft:sugar_cane":2,"minecraft:chest":4,"minecraft:birch_sapling":2,"minecraft:furnace":2,"thermal:slime_mushroom_spores":8,"gtceu:iron_plate":4,"minecraft:stick":88,"minecraft:stone":1,"create:mechanical_mixer":3,"minecraft:copper_ingot":12,"exnihilosequentia:diorite_pebble":3768,"minecraft:diorite":253,"createlowheated:basic_burner":3,"exnihilosequentia:granite_pebble":4602,"minecraft:carrot":1,"minecraft:redstone":88,"exnihilosequentia:stone_pebble":5786,"thermal:flax_seeds":13,"gtceu:crushed_copper_ore":174,"woodenbucket:wooden_bucket":1,"gtceu:crushed_tin_ore":76,"create:large_cogwheel":1,"exnihilosequentia:mycelium_spores":4,"minecraft:cactus":3,"minecraft:rotten_flesh":1,"minecraft:beetroot_seeds":7,"exnihilosequentia:deepslate_pebble":21,"gtceu:crushed_galena_ore":14,"create:depot":3,"exnihilosequentia:crushed_granite":2,"exnihilosequentia:dripstone_pebble":22,"minecraft:cobblestone":2046,"exnihilosequentia:basalt_pebble":23,"thermal:device_water_gen":1,"exnihilosequentia:blackstone_pebble":29,"minecraft:polished_diorite_slab":4,"minecraft:andesite":1555,"minecraft:fern":1,"minecraft:potato":2,"exnihilosequentia:string_mesh":3,"minecraft:oak_log":27,"create:andesite_alloy":1,"gtceu:crushed_stibnite_ore":9,"kubejs:coin":39,"minecraft:lapis_lazuli":8,"minecraft:dirt":119,"minecraft:glass":5,"minecraft:apple":17,"minecraft:wheat_seeds":24,"gtceu:iron_mortar":2,"minecraft:iron_ingot":5,"minecraft:stone_pickaxe":4,"exnihilosequentia:grass_seeds":1,"minecraft:bamboo":1,"minecraft:rabbit":2,"minecraft:glowstone_dust":84,"minecraft:oak_planks":2,"minecraft:acacia_sapling":3,"minecraft:oak_slab":6,"minecraft:sweet_berries":1,"create:cogwheel":2,"exnihilosequentia:tuff_pebble":20,"minecraft:quartz":6,"minecraft:gravel":719,"gtceu:coke_oven":1,"minecraft:sand":589,"minecraft:amethyst_shard":3,"exnihilosequentia:crushed_blackstone":37,"minecraft:granite_slab":72,"gtceu:red_alloy_ingot":1,"exnihilosequentia:crushed_diorite":22,"gtceu:coke_oven_bricks":1,"minecraft:spider_eye":2,"exnihilosequentia:silkworm":376,"minecraft:pumpkin_seeds":12,"minecraft:clay":4,"gtceu:crushed_iron_ore":110,"minecraft:polished_diorite":512,"minecraft:polished_granite_slab":36,"minecraft:granite":319,"minecraft:bone_meal":1,"minecraft:cherry_sapling":1,"gtceu:flint_dust":3,"minecraft:emerald":2,"gtceu:crushed_magnetite_ore":72,"minecraft:oak_sapling":113,"minecraft:melon_seeds":13,"minecraft:sunflower":1,"minecraft:ender_pearl":11},"minecraft:broken":{"exnihilosequentia:andesite_hammer":1,"exnihilosequentia:wooden_crook":1,"exnihilosequentia:diorite_hammer":1,"exnihilosequentia:stone_hammer":2,"exnihilosequentia:iron_hammer":1,"gtceu:iron_mortar":1},"minecraft:killed_by":{"minecraft:husk":1},"minecraft:used":{"minecraft:iron_shovel":128,"minecraft:stone_shovel":4,"thermal:device_water_gen":2,"minecraft:chest":2,"minecraft:stone":3,"minecraft:stone_hoe":90,"minecraft:torch":8,"minecraft:dirt":1,"create:mechanical_mixer":4,"create:cogwheel":5,"create:depot":3,"minecraft:polished_granite_slab":78,"minecraft:granite":1,"exnihilosequentia:crushed_diorite":11,"gtceu:coke_oven_bricks":25,"minecraft:lava_bucket":2,"exnihilosequentia:diorite_hammer":34,"createlowheated:basic_burner":4,"exnihilosequentia:wooden_crook":107,"minecraft:oak_sapling":30,"minecraft:furnace":10,"minecraft:diorite":142,"minecraft:cobblestone_stairs":3,"minecraft:baked_potato":18,"minecraft:stone_pickaxe":83,"minecraft:polished_diorite_slab":68,"minecraft:oak_planks":1,"minecraft:blackstone":3,"gtceu:coke_oven_hatch":1,"minecraft:clay":1,"minecraft:composter":1,"exnihilosequentia:oak_sieve":4,"minecraft:cobblestone_slab":27,"minecraft:sand":14,"minecraft:crafting_table":1,"exnihilosequentia:iron_hammer":815,"minecraft:apple":3,"exnihilosequentia:oak_barrel":1,"gtceu:coke_oven":2,"minecraft:gravel":14,"create:basin":4,"exnihilosequentia:andesite_hammer":76,"minecraft:granite_slab":20,"minecraft:cobblestone":11,"exnihilosequentia:stone_hammer":485,"minecraft:bucket":2,"exnihilosequentia:silkworm":1,"exnihilosequentia:mycelium_spores":1,"minecraft:coarse_dirt":21,"minecraft:diorite_slab":269,"create:large_cogwheel":7},"minecraft:dropped":{"exnihilosequentia:granite_pebble":319,"exnihilosequentia:diorite_pebble":310,"gtceu:flint_dust":1,"minecraft:copper_ingot":29,"exnihilosequentia:andesite_pebble":315,"minecraft:diorite":64,"gravestone:obituary":7,"minecraft:granite_slab":474,"minecraft:sand":64,"gtceu:iron_mortar":1,"minecraft:bucket":1,"gtceu:zinc_ingot":1,"minecraft:diorite_slab":2,"minecraft:redstone":41,"gtceu:tin_ingot":2,"exnihilosequentia:stone_pebble":481,"gtceu:red_alloy_ingot":6,"create:andesite_alloy":2},"minecraft:crafted":{"minecraft:coarse_dirt":28,"minecraft:oak_planks":165,"minecraft:cobblestone_slab":60,"minecraft:stone_shovel":1,"gtceu:lv_electric_piston":1,"minecraft:polished_granite_slab":180,"createlowheated:basic_burner":1,"gtceu:ulv_machine_hull":1,"gtceu:zinc_dust":1,"gtceu:large_stone_barrel":1,"gtceu:zinc_ingot":12,"minecraft:furnace":9,"thermal:device_water_gen":1,"minecraft:stone":5,"minecraft:cobblestone_stairs":64,"gtceu:red_alloy_single_wire":2,"gtceu:compressed_coke_clay":128,"gtceu:coke_oven_bricks":48,"gtceu:brick_wooden_form":1,"gtceu:tin_ingot":6,"minecraft:flint_and_steel":1,"gtceu:lv_electric_motor":2,"exnihilosequentia:oak_sieve":2,"exnihilosequentia:stone_barrel":1,"minecraft:granite":875,"gtceu:coke_oven":1,"minecraft:diamond_helmet":1,"minecraft:diamond_leggings":1,"gtceu:quartz_sand_dust":17,"gtceu:treated_wood_rod":4,"gtceu:coke_oven_brick":192,"exnihilosequentia:andesite_hammer":1,"gtceu:iron_rod":4,"gtceu:wood_drum":1,"minecraft:slime_ball":2,"minecraft:stone_pickaxe":1,"minecraft:chest":3,"minecraft:diamond_boots":1,"exnihilosequentia:iron_hammer":3,"gtceu:lead_ingot":8,"create:basin":1,"minecraft:stone_hoe":2,"create:cogwheel":17,"minecraft:stone_bricks":12,"exnihilosequentia:wooden_crook":1,"minecraft:polished_diorite_slab":192,"minecraft:oak_slab":21,"gtceu:bronze_dust":1,"gtceu:copper_dust":1,"gtceu:ulv_output_hatch":1,"farmersdelight:iron_knife":1,"gtceu:glass_dust":3,"gtceu:iron_mortar":1,"gtceu:red_alloy_single_cable":2,"gtceu:ulv_machine_casing":1,"gtceu:wood_mallet":1,"minecraft:polished_granite":135,"minecraft:copper_ingot":7,"gtceu:sulfur_dust":1,"gtceu:coke_oven_hatch":1,"minecraft:bucket":1,"gtceu:wood_plate":5,"create:mechanical_mixer":1,"minecraft:diorite":829,"minecraft:air":9200,"rechiseled:chisel":1,"thermal:redstone_servo":1,"create:whisk":1,"minecraft:cobblestone":1308,"exnihilosequentia:stone_hammer":2,"gtceu:sticky_resin":2,"gtceu:brass_dust":1,"gtceu:charcoal_dust":128,"minecraft:stick":8,"minecraft:stone_slab":6,"minecraft:flint":1,"minecraft:iron_ingot":11,"minecraft:blackstone":37,"minecraft:iron_block":3,"minecraft:iron_shovel":1,"minecraft:anvil":1,"create:large_cogwheel":3,"woodenbucket:wooden_bucket":2,"gtceu:small_steel_gear":1,"create:shaft":8,"gtceu:long_iron_rod":2,"minecraft:andesite":882,"minecraft:composter":1,"minecraft:diorite_slab":264,"minecraft:torch":4,"minecraft:granite_slab":71,"minecraft:diamond_chestplate":1,"gtceu:empty_wooden_form":72}},"DataVersion":3465}